2026-10-05T15:14:14-04:00
#0 building with "default" instance using docker driver

#1 [internal] load build definition from Dockerfile
#1 transferring dockerfile: 2.46kB done
#1 DONE 0.0s

#2 resolve image config for docker-image://docker.io/docker/dockerfile:1
#2 DONE 0.1s

#3 docker-image://docker.io/docker/dockerfile:1@sha256:4edf897a3ffa55b89f906fc8cc78afdb3f1834cc9c7083565e611a8a7d5fe99e
#3 resolve docker.io/docker/dockerfile:1@sha256:4edf897a3ffa55b89f906fc8cc78afdb3f1834cc9c7083565e611a8a7d5fe99e 0.0s done
#3 CACHED

#4 [auth] library/ruby:pull token for registry-1.docker.io
#4 DONE 0.0s

#5 [internal] load metadata for docker.io/library/ruby:3.4.10-slim
#5 DONE 0.9s

#6 [internal] load .dockerignore
#6 transferring context: 999B done
#6 DONE 0.0s

#7 [internal] load build context
#7 transferring context: 10.37MB 0.1s done
#7 DONE 0.1s

#8 [base 1/3] FROM docker.io/library/ruby:3.4.10-slim@sha256:b573616eed67613e1d380ebb777d87aa094fad7505bdbc2d1b45dca9dd9116b9
#8 resolve docker.io/library/ruby:3.4.10-slim@sha256:b573616eed67613e1d380ebb777d87aa094fad7505bdbc2d1b45dca9dd9116b9 0.0s done
#8 sha256:5e652de9281783fd75733e192a2d1491ec8e937891fa6cc88f822c91e0b355a9 0B / 142B 0.2s
#8 sha256:5e652de9281783fd75733e192a2d1491ec8e937891fa6cc88f822c91e0b355a9 142B / 142B 0.3s done
#8 sha256:2c69855049b0e60ae314c1552716d8ffb9ed6bd82c388a831ce924d1cfa54635 189B / 189B 0.1s done
#8 sha256:3906e1de0ba8935db212a03e44085181f1b0bd6518d36c3b21ed40633ac43de3 4.19MB / 42.16MB 0.2s
#8 sha256:d056276a8ddda594c12a00c59f402ac56cdb02d334f3ff60ae2e0630e09ac0fb 1.28MB / 1.28MB 0.3s done
#8 sha256:3906e1de0ba8935db212a03e44085181f1b0bd6518d36c3b21ed40633ac43de3 29.36MB / 42.16MB 0.5s
#8 extracting sha256:d056276a8ddda594c12a00c59f402ac56cdb02d334f3ff60ae2e0630e09ac0fb 0.0s done
#8 extracting sha256:2c69855049b0e60ae314c1552716d8ffb9ed6bd82c388a831ce924d1cfa54635 0.0s done
#8 sha256:3906e1de0ba8935db212a03e44085181f1b0bd6518d36c3b21ed40633ac43de3 42.16MB / 42.16MB 0.6s done
#8 extracting sha256:3906e1de0ba8935db212a03e44085181f1b0bd6518d36c3b21ed40633ac43de3
#8 extracting sha256:3906e1de0ba8935db212a03e44085181f1b0bd6518d36c3b21ed40633ac43de3 0.2s done
#8 DONE 1.3s

#8 [base 1/3] FROM docker.io/library/ruby:3.4.10-slim@sha256:b573616eed67613e1d380ebb777d87aa094fad7505bdbc2d1b45dca9dd9116b9
#8 extracting sha256:5e652de9281783fd75733e192a2d1491ec8e937891fa6cc88f822c91e0b355a9 done
#8 DONE 1.3s

#9 [base 2/3] WORKDIR /rails
#9 DONE 1.1s

#10 [base 3/3] RUN apt-get update -qq &&     apt-get install --no-install-recommends -y curl libsqlite3-0 libvips libjemalloc2 ffmpeg redis &&     ln -s /usr/lib/$(uname -m)-linux-gnu/libjemalloc.so.2 /usr/local/lib/libjemalloc.so &&     rm -rf /var/lib/apt/lists /var/cache/apt/archive
#10 0.997 Reading package lists...
#10 1.289 Building dependency tree...
#10 1.385 Reading state information...
#10 1.499 libsqlite3-0 is already the newest version (3.46.1-7+deb13u2).
#10 1.499 libsqlite3-0 set to manually installed.
#10 1.499 The following additional packages will be installed:
#10 1.499   adduser dirmngr fontconfig fontconfig-config fonts-dejavu-core
#10 1.499   fonts-dejavu-mono gnupg gnupg-l10n gpg gpg-agent gpgconf gpgsm
#10 1.499   imagemagick-7-common libaec0 libaom3 libarchive13t64 libasound2-data
#10 1.499   libasound2t64 libass9 libassuan9 libasyncns0 libatomic1 libavc1394-0
#10 1.499   libavcodec61 libavdevice61 libavfilter10 libavformat61 libavutil59 libblas3
#10 1.499   libbluray2 libbrotli1 libbs2b0 libcaca0 libcairo-gobject2 libcairo2
#10 1.499   libcdio-cdda2t64 libcdio-paranoia2t64 libcdio19t64 libcfitsio10t64 libcgif0
#10 1.499   libchromaprint1 libcjson1 libcodec2-1.2 libcom-err2 libcurl3t64-gnutls
#10 1.499   libcurl4t64 libdatrie1 libdav1d7 libdbus-1-3 libdc1394-25 libde265-0
#10 1.499   libdecor-0-0 libdeflate0 libdrm-amdgpu1 libdrm-common libdrm-intel1 libdrm2
#10 1.499   libdvdnav4 libdvdread8t64 libedit2 libelf1t64 libexif12 libexpat1
#10 1.499   libfftw3-double3 libflac14 libflite1 libfontconfig1 libfreetype6 libfribidi0
#10 1.499   libgbm1 libgcrypt20 libgdk-pixbuf-2.0-0 libgdk-pixbuf2.0-common libgfortran5
#10 1.499   libgl1 libgl1-mesa-dri libglib2.0-0t64 libglvnd0 libglx-mesa0 libglx0
#10 1.499   libgme0 libgnutls30t64 libgomp1 libgpg-error0 libgpgme11t64 libgpgmepp6t64
#10 1.499   libgraphite2-3 libgsm1 libgssapi-krb5-2 libharfbuzz0b libhdf5-310
#10 1.499   libheif-plugin-dav1d libheif-plugin-libde265 libheif1 libhwy1t64 libidn2-0
#10 1.499   libiec61883-0 libimagequant0 libimath-3-1-29t64 libjack-jackd2-0 libjbig0
#10 1.499   libjpeg62-turbo libjxl0.11 libk5crypto3 libkeyutils1 libkrb5-3
#10 1.499   libkrb5support0 libksba8 liblapack3 liblcms2-2 libldap2 liblerc4 liblilv-0-0
#10 1.499   libllvm19 liblqr-1-0 libltdl7 liblzf1 libmagickcore-7.q16-10 libmatio13
#10 1.499   libmbedcrypto16 libmp3lame0 libmpg123-0t64 libmysofa1 libncursesw6
#10 1.499   libnghttp2-14 libnghttp3-9 libngtcp2-16 libngtcp2-crypto-gnutls8 libnorm1t64
#10 1.499   libnpth0t64 libnspr4 libnss3 libnuma1 libogg0 libopenal-data libopenal1
#10 1.499   libopenexr-3-1-30 libopenjp2-7 libopenmpt0t64 libopenslide0 libopus0
#10 1.499   libp11-kit0 libpango-1.0-0 libpangocairo-1.0-0 libpangoft2-1.0-0
#10 1.499   libpciaccess0 libpgm-5.3-0t64 libpixman-1-0 libplacebo349 libpng16-16t64
#10 1.499   libpocketsphinx3 libpoppler-glib8t64 libpoppler147 libpostproc58 libpsl5t64
#10 1.499   libpulse0 librabbitmq4 librav1e0.7 libraw1394-11 libraw23t64 libreadline8t64
#10 1.500   librist4 librsvg2-2 librtmp1 librubberband2 libsamplerate0 libsasl2-2
#10 1.500   libsasl2-modules-db libsdl2-2.0-0 libsensors-config libsensors5 libserd-0-0
#10 1.500   libsharpyuv0 libshine3 libslang2 libsnappy1v5 libsndfile1 libsodium23
#10 1.500   libsord-0-0 libsoxr0 libspeex1 libsphinxbase3t64 libspng0 libsratom-0-0
#10 1.500   libsrt1.5-gnutls libssh-4 libssh2-1t64 libsvtav1enc2 libswresample5
#10 1.500   libswscale8 libsz2 libtasn1-6 libthai-data libthai0 libtheoradec1
#10 1.500   libtheoraenc1 libtiff6 libtwolame0 libudfread0 libunibreak6 libunistring5
#10 1.500   libusb-1.0-0 libva-drm2 libva-x11-2 libva2 libvdpau1 libvidstab1.1
#10 1.500   libvorbis0a libvorbisenc2 libvorbisfile3 libvpl2 libvpx9 libvulkan1
#10 1.500   libwayland-client0 libwayland-cursor0 libwayland-egl1 libwayland-server0
#10 1.500   libwebp7 libwebpdemux2 libwebpmux3 libx11-6 libx11-data libx11-xcb1
#10 1.500   libx264-164 libx265-215 libxau6 libxcb-dri3-0 libxcb-glx0 libxcb-present0
#10 1.500   libxcb-randr0 libxcb-render0 libxcb-shape0 libxcb-shm0 libxcb-sync1
#10 1.500   libxcb-xfixes0 libxcb1 libxcursor1 libxdmcp6 libxext6 libxfixes3 libxi6
#10 1.500   libxkbcommon0 libxml2 libxrandr2 libxrender1 libxshmfence1 libxss1 libxv1
#10 1.500   libxvidcore4 libxxf86vm1 libz3-4 libzimg2 libzix-0-0 libzmq5 libzvbi-common
#10 1.500   libzvbi0t64 mesa-libgallium ocl-icd-libopencl1 pinentry-curses
#10 1.500   readline-common redis-server redis-tools shared-mime-info x11-common
#10 1.500   xkb-data
#10 1.501 Suggested packages:
#10 1.501   liblocale-gettext-perl perl cron quota dbus-user-session libpam-systemd
#10 1.501   pinentry-gnome3 tor ffmpeg-doc gpg-wks-server parcimonie xloadimage scdaemon
#10 1.501   tpm2daemon lrzip alsa-utils libasound2-plugins libcuda1 libnvcuvid1
#10 1.501   libnvidia-encode1 libbluray-bdj libdvdcss2 libfftw3-bin libfftw3-dev
#10 1.501   rng-tools low-memory-monitor gnutls-bin krb5-doc krb5-user
#10 1.501   libheif-plugin-ffmpegdec libheif-plugin-jpegdec libheif-plugin-jpegenc
#10 1.501   libheif-plugin-j2kdec libheif-plugin-j2kenc libheif-plugin-kvazaar
#10 1.501   libheif-plugin-rav1e libheif-plugin-svtenc jackd2 liblcms2-utils
#10 1.501   libmagickcore-7.q16-10-extra libportaudio2 libsndio7.0 opus-tools pciutils
#10 1.501   pulseaudio libraw1394-doc librsvg2-bin xdg-utils lm-sensors serdi sordi
#10 1.501   speex nip2 opencl-icd pinentry-doc readline-doc ruby-redis
#10 1.501 Recommended packages:
#10 1.501   bash-completion gnupg-utils gpg-wks-client gpgv alsa-ucm-conf
#10 1.501   alsa-topology-conf libaacs0 dbus default-libdecor-0-plugin-1
#10 1.501   | libdecor-0-plugin-1 libgdk-pixbuf2.0-bin libglib2.0-data xdg-user-dirs
#10 1.501   libgpg-error-l10n libheif-plugin-x265 libheif-plugin-aomenc krb5-locales
#10 1.501   libldap-common ghostscript fonts-urw-base35 libgpm2 pocketsphinx-en-us
#10 1.501   poppler-data publicsuffix librsvg2-common libsasl2-modules va-driver-all
#10 1.501   | va-driver vdpau-driver-all | vdpau-driver mesa-vulkan-drivers | vulkan-icd
#10 2.157 The following NEW packages will be installed:
#10 2.157   adduser curl dirmngr ffmpeg fontconfig fontconfig-config fonts-dejavu-core
#10 2.157   fonts-dejavu-mono gnupg gnupg-l10n gpg gpg-agent gpgconf gpgsm
#10 2.157   imagemagick-7-common libaec0 libaom3 libarchive13t64 libasound2-data
#10 2.157   libasound2t64 libass9 libassuan9 libasyncns0 libatomic1 libavc1394-0
#10 2.157   libavcodec61 libavdevice61 libavfilter10 libavformat61 libavutil59 libblas3
#10 2.157   libbluray2 libbrotli1 libbs2b0 libcaca0 libcairo-gobject2 libcairo2
#10 2.157   libcdio-cdda2t64 libcdio-paranoia2t64 libcdio19t64 libcfitsio10t64 libcgif0
#10 2.157   libchromaprint1 libcjson1 libcodec2-1.2 libcom-err2 libcurl3t64-gnutls
#10 2.157   libcurl4t64 libdatrie1 libdav1d7 libdbus-1-3 libdc1394-25 libde265-0
#10 2.157   libdecor-0-0 libdeflate0 libdrm-amdgpu1 libdrm-common libdrm-intel1 libdrm2
#10 2.157   libdvdnav4 libdvdread8t64 libedit2 libelf1t64 libexif12 libexpat1
#10 2.157   libfftw3-double3 libflac14 libflite1 libfontconfig1 libfreetype6 libfribidi0
#10 2.157   libgbm1 libgcrypt20 libgdk-pixbuf-2.0-0 libgdk-pixbuf2.0-common libgfortran5
#10 2.157   libgl1 libgl1-mesa-dri libglib2.0-0t64 libglvnd0 libglx-mesa0 libglx0
#10 2.157   libgme0 libgnutls30t64 libgomp1 libgpg-error0 libgpgme11t64 libgpgmepp6t64
#10 2.157   libgraphite2-3 libgsm1 libgssapi-krb5-2 libharfbuzz0b libhdf5-310
#10 2.157   libheif-plugin-dav1d libheif-plugin-libde265 libheif1 libhwy1t64 libidn2-0
#10 2.157   libiec61883-0 libimagequant0 libimath-3-1-29t64 libjack-jackd2-0 libjbig0
#10 2.157   libjemalloc2 libjpeg62-turbo libjxl0.11 libk5crypto3 libkeyutils1 libkrb5-3
#10 2.157   libkrb5support0 libksba8 liblapack3 liblcms2-2 libldap2 liblerc4 liblilv-0-0
#10 2.157   libllvm19 liblqr-1-0 libltdl7 liblzf1 libmagickcore-7.q16-10 libmatio13
#10 2.157   libmbedcrypto16 libmp3lame0 libmpg123-0t64 libmysofa1 libncursesw6
#10 2.157   libnghttp2-14 libnghttp3-9 libngtcp2-16 libngtcp2-crypto-gnutls8 libnorm1t64
#10 2.157   libnpth0t64 libnspr4 libnss3 libnuma1 libogg0 libopenal-data libopenal1
#10 2.157   libopenexr-3-1-30 libopenjp2-7 libopenmpt0t64 libopenslide0 libopus0
#10 2.157   libp11-kit0 libpango-1.0-0 libpangocairo-1.0-0 libpangoft2-1.0-0
#10 2.157   libpciaccess0 libpgm-5.3-0t64 libpixman-1-0 libplacebo349 libpng16-16t64
#10 2.157   libpocketsphinx3 libpoppler-glib8t64 libpoppler147 libpostproc58 libpsl5t64
#10 2.157   libpulse0 librabbitmq4 librav1e0.7 libraw1394-11 libraw23t64 libreadline8t64
#10 2.158   librist4 librsvg2-2 librtmp1 librubberband2 libsamplerate0 libsasl2-2
#10 2.158   libsasl2-modules-db libsdl2-2.0-0 libsensors-config libsensors5 libserd-0-0
#10 2.158   libsharpyuv0 libshine3 libslang2 libsnappy1v5 libsndfile1 libsodium23
#10 2.158   libsord-0-0 libsoxr0 libspeex1 libsphinxbase3t64 libspng0 libsratom-0-0
#10 2.158   libsrt1.5-gnutls libssh-4 libssh2-1t64 libsvtav1enc2 libswresample5
#10 2.158   libswscale8 libsz2 libtasn1-6 libthai-data libthai0 libtheoradec1
#10 2.158   libtheoraenc1 libtiff6 libtwolame0 libudfread0 libunibreak6 libunistring5
#10 2.158   libusb-1.0-0 libva-drm2 libva-x11-2 libva2 libvdpau1 libvidstab1.1
#10 2.158   libvips42t64 libvorbis0a libvorbisenc2 libvorbisfile3 libvpl2 libvpx9
#10 2.158   libvulkan1 libwayland-client0 libwayland-cursor0 libwayland-egl1
#10 2.158   libwayland-server0 libwebp7 libwebpdemux2 libwebpmux3 libx11-6 libx11-data
#10 2.158   libx11-xcb1 libx264-164 libx265-215 libxau6 libxcb-dri3-0 libxcb-glx0
#10 2.158   libxcb-present0 libxcb-randr0 libxcb-render0 libxcb-shape0 libxcb-shm0
#10 2.158   libxcb-sync1 libxcb-xfixes0 libxcb1 libxcursor1 libxdmcp6 libxext6
#10 2.158   libxfixes3 libxi6 libxkbcommon0 libxml2 libxrandr2 libxrender1 libxshmfence1
#10 2.158   libxss1 libxv1 libxvidcore4 libxxf86vm1 libz3-4 libzimg2 libzix-0-0 libzmq5
#10 2.158   libzvbi-common libzvbi0t64 mesa-libgallium ocl-icd-libopencl1
#10 2.158   pinentry-curses readline-common redis redis-server redis-tools
#10 2.158   shared-mime-info x11-common xkb-data
#10 2.200 0 upgraded, 270 newly installed, 0 to remove and 4 not upgraded.
#10 2.200 Need to get 155 MB of archives.
#10 2.200 After this operation, 542 MB of additional disk space will be used.
#10 2.200 Get:1 http://deb.debian.org/debian trixie/main amd64 libexpat1 amd64 2.8.3-1~deb13u1 [123 kB]
#10 2.226 Get:2 http://deb.debian.org/debian trixie/main amd64 libgomp1 amd64 14.2.0-19 [137 kB]
#10 2.229 Get:3 http://deb.debian.org/debian trixie/main amd64 libfftw3-double3 amd64 3.3.10-2+b1 [781 kB]
#10 2.244 Get:4 http://deb.debian.org/debian trixie/main amd64 libbrotli1 amd64 1.1.0-2+b7 [307 kB]
#10 2.258 Get:5 http://deb.debian.org/debian-security trixie-security/main amd64 libpng16-16t64 amd64 1.6.48-1+deb13u6 [283 kB]
#10 2.259 Get:6 http://deb.debian.org/debian trixie/main amd64 libfreetype6 amd64 2.13.3+dfsg-1+deb13u1 [452 kB]
#10 2.274 Get:7 http://deb.debian.org/debian trixie/main amd64 fonts-dejavu-mono all 2.37-8 [489 kB]
#10 2.277 Get:8 http://deb.debian.org/debian trixie/main amd64 fonts-dejavu-core all 2.37-8 [840 kB]
#10 2.280 Get:9 http://deb.debian.org/debian trixie/main amd64 fontconfig-config amd64 2.15.0-2.3 [318 kB]
#10 2.285 Get:10 http://deb.debian.org/debian trixie/main amd64 libfontconfig1 amd64 2.15.0-2.3 [392 kB]
#10 2.287 Get:11 http://deb.debian.org/debian trixie/main amd64 libsharpyuv0 amd64 1.5.0-0.1 [116 kB]
#10 2.297 Get:12 http://deb.debian.org/debian trixie/main amd64 libde265-0 amd64 1.0.15-1+deb13u2 [190 kB]
#10 2.298 Get:13 http://deb.debian.org/debian-security trixie-security/main amd64 libheif-plugin-libde265 amd64 1.23.4-1~deb13u1 [20.2 kB]
#10 2.300 Get:14 http://deb.debian.org/debian trixie/main amd64 libdav1d7 amd64 1.5.1-1 [559 kB]
#10 2.302 Get:15 http://deb.debian.org/debian-security trixie-security/main amd64 libheif-plugin-dav1d amd64 1.23.4-1~deb13u1 [22.7 kB]
#10 2.302 Get:16 http://deb.debian.org/debian-security trixie-security/main amd64 libheif1 amd64 1.23.4-1~deb13u1 [812 kB]
#10 2.307 Get:17 http://deb.debian.org/debian trixie/main amd64 libjbig0 amd64 2.1-6.1+b2 [32.1 kB]
#10 2.309 Get:18 http://deb.debian.org/debian trixie/main amd64 libjpeg62-turbo amd64 1:2.1.5-4 [168 kB]
#10 2.310 Get:19 http://deb.debian.org/debian trixie/main amd64 liblcms2-2 amd64 2.16-2+deb13u2 [160 kB]
#10 2.312 Get:20 http://deb.debian.org/debian trixie/main amd64 libatomic1 amd64 14.2.0-19 [9308 B]
#10 2.316 Get:21 http://deb.debian.org/debian trixie/main amd64 libglib2.0-0t64 amd64 2.84.4-3~deb13u5 [1521 kB]
#10 2.321 Get:22 http://deb.debian.org/debian trixie/main amd64 liblqr-1-0 amd64 0.4.2-2.1+b2 [29.5 kB]
#10 2.332 Get:23 http://deb.debian.org/debian trixie/main amd64 libltdl7 amd64 2.5.4-4 [416 kB]
#10 2.343 Get:24 http://deb.debian.org/debian trixie/main amd64 libopenjp2-7 amd64 2.5.3-2.1~deb13u2 [205 kB]
#10 2.354 Get:25 http://deb.debian.org/debian trixie/main amd64 libraw23t64 amd64 0.21.4-2+deb13u1 [391 kB]
#10 2.355 Get:26 http://deb.debian.org/debian trixie/main amd64 libdeflate0 amd64 1.23-2 [47.3 kB]
#10 2.366 Get:27 http://deb.debian.org/debian trixie/main amd64 liblerc4 amd64 4.0.0+ds-5 [183 kB]
#10 2.367 Get:28 http://deb.debian.org/debian trixie/main amd64 libwebp7 amd64 1.5.0-0.1 [318 kB]
#10 2.370 Get:29 http://deb.debian.org/debian trixie/main amd64 libtiff6 amd64 4.7.0-3+deb13u3 [345 kB]
#10 2.383 Get:30 http://deb.debian.org/debian trixie/main amd64 libwebpdemux2 amd64 1.5.0-0.1 [113 kB]
#10 2.384 Get:31 http://deb.debian.org/debian trixie/main amd64 libwebpmux3 amd64 1.5.0-0.1 [126 kB]
#10 2.385 Get:32 http://deb.debian.org/debian trixie/main amd64 libxau6 amd64 1:1.0.11-1 [20.4 kB]
#10 2.387 Get:33 http://deb.debian.org/debian trixie/main amd64 libxdmcp6 amd64 1:1.1.5-1 [27.8 kB]
#10 2.392 Get:34 http://deb.debian.org/debian trixie/main amd64 libxcb1 amd64 1.17.0-2+b1 [144 kB]
#10 2.394 Get:35 http://deb.debian.org/debian trixie/main amd64 libx11-data all 2:1.8.12-1 [343 kB]
#10 2.398 Get:36 http://deb.debian.org/debian trixie/main amd64 libx11-6 amd64 2:1.8.12-1 [815 kB]
#10 2.401 Get:37 http://deb.debian.org/debian trixie/main amd64 libxext6 amd64 2:1.3.4-1+b3 [50.4 kB]
#10 2.410 Get:38 http://deb.debian.org/debian trixie/main amd64 libxml2 amd64 2.12.7+dfsg+really2.9.14-2.1+deb13u3 [700 kB]
#10 2.412 Get:39 http://deb.debian.org/debian trixie/main amd64 imagemagick-7-common all 8:7.1.1.43+dfsg1-1+deb13u12 [77.6 kB]
#10 2.420 Get:40 http://deb.debian.org/debian trixie/main amd64 libmagickcore-7.q16-10 amd64 8:7.1.1.43+dfsg1-1+deb13u12 [1860 kB]
#10 2.426 Get:41 http://deb.debian.org/debian trixie/main amd64 adduser all 3.152 [191 kB]
#10 2.435 Get:42 http://deb.debian.org/debian trixie/main amd64 libjemalloc2 amd64 5.3.0-3 [274 kB]
#10 2.436 Get:43 http://deb.debian.org/debian trixie/main amd64 liblzf1 amd64 3.6-4+b3 [10.1 kB]
#10 2.444 Get:44 http://deb.debian.org/debian-security trixie-security/main amd64 redis-tools amd64 5:8.0.2-3+deb13u3 [1248 kB]
#10 2.449 Get:45 http://deb.debian.org/debian-security trixie-security/main amd64 redis-server amd64 5:8.0.2-3+deb13u3 [67.4 kB]
#10 2.452 Get:46 http://deb.debian.org/debian trixie/main amd64 readline-common all 8.2-6 [69.4 kB]
#10 2.455 Get:47 http://deb.debian.org/debian trixie/main amd64 libkrb5support0 amd64 1.21.3-5+deb13u1 [33.1 kB]
#10 2.457 Get:48 http://deb.debian.org/debian trixie/main amd64 libcom-err2 amd64 1.47.2-3+b12 [25.0 kB]
#10 2.458 Get:49 http://deb.debian.org/debian trixie/main amd64 libk5crypto3 amd64 1.21.3-5+deb13u1 [81.2 kB]
#10 2.462 Get:50 http://deb.debian.org/debian trixie/main amd64 libkeyutils1 amd64 1.6.3-6 [9456 B]
#10 2.470 Get:51 http://deb.debian.org/debian trixie/main amd64 libkrb5-3 amd64 1.21.3-5+deb13u1 [326 kB]
#10 2.481 Get:52 http://deb.debian.org/debian trixie/main amd64 libgssapi-krb5-2 amd64 1.21.3-5+deb13u1 [138 kB]
#10 2.482 Get:53 http://deb.debian.org/debian trixie/main amd64 libunistring5 amd64 1.3-2 [477 kB]
#10 2.484 Get:54 http://deb.debian.org/debian trixie/main amd64 libidn2-0 amd64 2.3.8-2 [109 kB]
#10 2.485 Get:55 http://deb.debian.org/debian trixie/main amd64 libsasl2-modules-db amd64 2.1.28+dfsg1-9 [19.8 kB]
#10 2.485 Get:56 http://deb.debian.org/debian trixie/main amd64 libsasl2-2 amd64 2.1.28+dfsg1-9 [57.5 kB]
#10 2.485 Get:57 http://deb.debian.org/debian trixie/main amd64 libldap2 amd64 2.6.10+dfsg-1 [194 kB]
#10 2.486 Get:58 http://deb.debian.org/debian trixie/main amd64 libnghttp2-14 amd64 1.64.0-1.1+deb13u1 [76.2 kB]
#10 2.490 Get:59 http://deb.debian.org/debian trixie/main amd64 libnghttp3-9 amd64 1.8.0-1 [67.7 kB]
#10 2.490 Get:60 http://deb.debian.org/debian trixie/main amd64 libpsl5t64 amd64 0.21.2-1.1+b1 [57.2 kB]
#10 2.490 Get:61 http://deb.debian.org/debian trixie/main amd64 libp11-kit0 amd64 0.25.5-3 [425 kB]
#10 2.493 Get:62 http://deb.debian.org/debian trixie/main amd64 libtasn1-6 amd64 4.20.0-2+deb13u1 [50.1 kB]
#10 2.498 Get:63 http://deb.debian.org/debian trixie/main amd64 libgnutls30t64 amd64 3.8.9-3+deb13u4 [1469 kB]
#10 2.503 Get:64 http://deb.debian.org/debian trixie/main amd64 librtmp1 amd64 2.4+20151223.gitfa8646d.1-2+b5 [58.8 kB]
#10 2.503 Get:65 http://deb.debian.org/debian trixie/main amd64 libssh2-1t64 amd64 1.11.1-1+deb13u2 [245 kB]
#10 2.504 Get:66 http://deb.debian.org/debian trixie/main amd64 libcurl4t64 amd64 8.14.1-2+deb13u5 [391 kB]
#10 2.505 Get:67 http://deb.debian.org/debian trixie/main amd64 curl amd64 8.14.1-2+deb13u5 [270 kB]
#10 2.506 Get:68 http://deb.debian.org/debian trixie/main amd64 libgpg-error0 amd64 1.51-4 [82.1 kB]
#10 2.506 Get:69 http://deb.debian.org/debian trixie/main amd64 libassuan9 amd64 3.0.2-2 [61.5 kB]
#10 2.517 Get:70 http://deb.debian.org/debian trixie/main amd64 libgcrypt20 amd64 1.11.0-7+deb13u1 [843 kB]
#10 2.520 Get:71 http://deb.debian.org/debian trixie/main amd64 libreadline8t64 amd64 8.2-6 [169 kB]
#10 2.528 Get:72 http://deb.debian.org/debian trixie/main amd64 gpgconf amd64 2.4.7-21+deb13u1+b5 [129 kB]
#10 2.529 Get:73 http://deb.debian.org/debian trixie/main amd64 libksba8 amd64 1.6.7-2+b1 [136 kB]
#10 2.529 Get:74 http://deb.debian.org/debian trixie/main amd64 libnpth0t64 amd64 1.8-3 [23.2 kB]
#10 2.537 Get:75 http://deb.debian.org/debian trixie/main amd64 dirmngr amd64 2.4.7-21+deb13u1+b5 [384 kB]
#10 2.543 Get:76 http://deb.debian.org/debian trixie/main amd64 libaom3 amd64 3.12.1-1+deb13u1 [1872 kB]
#10 2.549 Get:77 http://deb.debian.org/debian trixie/main amd64 libdrm-common all 2.4.124-2 [8288 B]
#10 2.549 Get:78 http://deb.debian.org/debian trixie/main amd64 libdrm2 amd64 2.4.124-2 [39.0 kB]
#10 2.549 Get:79 http://deb.debian.org/debian trixie/main amd64 libva2 amd64 2.22.0-3 [79.4 kB]
#10 2.551 Get:80 http://deb.debian.org/debian trixie/main amd64 libva-drm2 amd64 2.22.0-3 [18.3 kB]
#10 2.552 Get:81 http://deb.debian.org/debian trixie/main amd64 libx11-xcb1 amd64 2:1.8.12-1 [247 kB]
#10 2.555 Get:82 http://deb.debian.org/debian trixie/main amd64 libxcb-dri3-0 amd64 1.17.0-2+b1 [107 kB]
#10 2.556 Get:83 http://deb.debian.org/debian trixie/main amd64 libxfixes3 amd64 1:6.0.0-2+b4 [20.2 kB]
#10 2.557 Get:84 http://deb.debian.org/debian trixie/main amd64 libva-x11-2 amd64 2.22.0-3 [23.1 kB]
#10 2.559 Get:85 http://deb.debian.org/debian trixie/main amd64 libvdpau1 amd64 1.5-3+b1 [27.2 kB]
#10 2.566 Get:86 http://deb.debian.org/debian trixie/main amd64 libvpl2 amd64 1:2.14.0-1+b1 [129 kB]
#10 2.567 Get:87 http://deb.debian.org/debian trixie/main amd64 ocl-icd-libopencl1 amd64 2.3.3-1 [42.9 kB]
#10 2.568 Get:88 http://deb.debian.org/debian trixie/main amd64 libavutil59 amd64 7:7.1.5-0+deb13u1 [425 kB]
#10 2.571 Get:89 http://deb.debian.org/debian trixie/main amd64 libpixman-1-0 amd64 0.44.0-3 [248 kB]
#10 2.572 Get:90 http://deb.debian.org/debian trixie/main amd64 libxcb-render0 amd64 1.17.0-2+b1 [115 kB]
#10 2.572 Get:91 http://deb.debian.org/debian trixie/main amd64 libxcb-shm0 amd64 1.17.0-2+b1 [105 kB]
#10 2.572 Get:92 http://deb.debian.org/debian trixie/main amd64 libxrender1 amd64 1:0.9.12-1 [27.9 kB]
#10 2.598 Get:93 http://deb.debian.org/debian trixie/main amd64 libcairo2 amd64 1.18.4-1+b1 [538 kB]
#10 2.610 Get:94 http://deb.debian.org/debian trixie/main amd64 libcodec2-1.2 amd64 1.2.0-3 [8170 kB]
#10 2.649 Get:95 http://deb.debian.org/debian trixie/main amd64 libgsm1 amd64 1.0.22-1+b2 [29.3 kB]
#10 2.649 Get:96 http://deb.debian.org/debian trixie/main amd64 libhwy1t64 amd64 1.2.0-2+b2 [676 kB]
#10 2.651 Get:97 http://deb.debian.org/debian trixie/main amd64 libjxl0.11 amd64 0.11.2-0.1~deb13u2 [1133 kB]
#10 2.667 Get:98 http://deb.debian.org/debian trixie/main amd64 libmp3lame0 amd64 3.100-6+b3 [363 kB]
#10 2.668 Get:99 http://deb.debian.org/debian trixie/main amd64 libopus0 amd64 1.5.2-2 [2852 kB]
#10 2.688 Get:100 http://deb.debian.org/debian trixie/main amd64 librav1e0.7 amd64 0.7.1-9+b2 [946 kB]
#10 2.691 Get:101 http://deb.debian.org/debian trixie/main amd64 libcairo-gobject2 amd64 1.18.4-1+b1 [130 kB]
#10 2.692 Get:102 http://deb.debian.org/debian trixie/main amd64 libgdk-pixbuf2.0-common all 2.42.12+dfsg-4+deb13u1 [312 kB]
#10 2.693 Get:103 http://deb.debian.org/debian trixie/main amd64 shared-mime-info amd64 2.4-5+b2 [760 kB]
#10 2.697 Get:104 http://deb.debian.org/debian trixie/main amd64 libgdk-pixbuf-2.0-0 amd64 2.42.12+dfsg-4+deb13u1 [141 kB]
#10 2.698 Get:105 http://deb.debian.org/debian trixie/main amd64 fontconfig amd64 2.15.0-2.3 [463 kB]
#10 2.699 Get:106 http://deb.debian.org/debian trixie/main amd64 libfribidi0 amd64 1.0.16-1 [26.5 kB]
#10 2.699 Get:107 http://deb.debian.org/debian trixie/main amd64 libgraphite2-3 amd64 1.3.14-2+deb13u1 [75.2 kB]
#10 2.700 Get:108 http://deb.debian.org/debian trixie/main amd64 libharfbuzz0b amd64 10.2.0-1+deb13u1 [479 kB]
#10 2.701 Get:109 http://deb.debian.org/debian trixie/main amd64 libthai-data all 0.1.29-2 [168 kB]
#10 2.702 Get:110 http://deb.debian.org/debian trixie/main amd64 libdatrie1 amd64 0.2.13-3+b1 [38.1 kB]
#10 2.707 Get:111 http://deb.debian.org/debian trixie/main amd64 libthai0 amd64 0.1.29-2+b1 [49.4 kB]
#10 2.708 Get:112 http://deb.debian.org/debian trixie/main amd64 libpango-1.0-0 amd64 1.56.3-1 [226 kB]
#10 2.709 Get:113 http://deb.debian.org/debian trixie/main amd64 libpangoft2-1.0-0 amd64 1.56.3-1 [55.6 kB]
#10 2.710 Get:114 http://deb.debian.org/debian trixie/main amd64 libpangocairo-1.0-0 amd64 1.56.3-1 [35.7 kB]
#10 2.720 Get:115 http://deb.debian.org/debian trixie/main amd64 librsvg2-2 amd64 2.60.0+dfsg-1 [1789 kB]
#10 2.726 Get:116 http://deb.debian.org/debian trixie/main amd64 libshine3 amd64 3.1.1-2+b2 [23.1 kB]
#10 2.726 Get:117 http://deb.debian.org/debian trixie/main amd64 libsnappy1v5 amd64 1.2.2-1 [29.3 kB]
#10 2.726 Get:118 http://deb.debian.org/debian trixie/main amd64 libspeex1 amd64 1.2.1-3 [56.8 kB]
#10 2.736 Get:119 http://deb.debian.org/debian trixie/main amd64 libsvtav1enc2 amd64 2.3.0+dfsg-1 [2489 kB]
#10 2.745 Get:120 http://deb.debian.org/debian trixie/main amd64 libsoxr0 amd64 0.1.3-4+b2 [81.0 kB]
#10 2.746 Get:121 http://deb.debian.org/debian trixie/main amd64 libswresample5 amd64 7:7.1.5-0+deb13u1 [109 kB]
#10 2.746 Get:122 http://deb.debian.org/debian trixie/main amd64 libtheoradec1 amd64 1.2.0~alpha1+dfsg-6 [58.4 kB]
#10 2.746 Get:123 http://deb.debian.org/debian trixie/main amd64 libogg0 amd64 1.3.5-3+b2 [23.8 kB]
#10 2.755 Get:124 http://deb.debian.org/debian trixie/main amd64 libtheoraenc1 amd64 1.2.0~alpha1+dfsg-6 [108 kB]
#10 2.755 Get:125 http://deb.debian.org/debian trixie/main amd64 libtwolame0 amd64 0.4.0-2+b2 [51.3 kB]
#10 2.756 Get:126 http://deb.debian.org/debian trixie/main amd64 libvorbis0a amd64 1.3.7-3 [90.0 kB]
#10 2.756 Get:127 http://deb.debian.org/debian trixie/main amd64 libvorbisenc2 amd64 1.3.7-3 [75.4 kB]
#10 2.759 Get:128 http://deb.debian.org/debian trixie/main amd64 libvpx9 amd64 1.15.0-2.1+deb13u1 [1115 kB]
#10 2.775 Get:129 http://deb.debian.org/debian trixie/main amd64 libx264-164 amd64 2:0.164.3108+git31e19f9-2+b1 [558 kB]
#10 2.776 Get:130 http://deb.debian.org/debian trixie/main amd64 libnuma1 amd64 2.0.19-1 [22.2 kB]
#10 2.785 Get:131 http://deb.debian.org/debian trixie/main amd64 libx265-215 amd64 4.1-2 [1237 kB]
#10 2.789 Get:132 http://deb.debian.org/debian trixie/main amd64 libxvidcore4 amd64 2:1.3.7-1+b2 [252 kB]
#10 2.790 Get:133 http://deb.debian.org/debian trixie/main amd64 libzvbi-common all 0.2.44-1 [71.4 kB]
#10 2.790 Get:134 http://deb.debian.org/debian trixie/main amd64 libzvbi0t64 amd64 0.2.44-1 [278 kB]
#10 2.802 Get:135 http://deb.debian.org/debian trixie/main amd64 libavcodec61 amd64 7:7.1.5-0+deb13u1 [5821 kB]
#10 2.828 Get:136 http://deb.debian.org/debian trixie/main amd64 libasound2-data all 1.2.14-1+deb13u1 [21.2 kB]
#10 2.828 Get:137 http://deb.debian.org/debian trixie/main amd64 libasound2t64 amd64 1.2.14-1+deb13u1 [381 kB]
#10 2.829 Get:138 http://deb.debian.org/debian trixie/main amd64 libraw1394-11 amd64 2.1.2-2+b2 [38.8 kB]
#10 2.829 Get:139 http://deb.debian.org/debian trixie/main amd64 libavc1394-0 amd64 0.5.4-5+b2 [18.2 kB]
#10 2.829 Get:140 http://deb.debian.org/debian trixie/main amd64 libunibreak6 amd64 6.1-3 [21.9 kB]
#10 2.829 Get:141 http://deb.debian.org/debian trixie/main amd64 libass9 amd64 1:0.17.3-1+deb13u1 [114 kB]
#10 2.829 Get:142 http://deb.debian.org/debian trixie/main amd64 libudfread0 amd64 1.1.2-1+b2 [17.7 kB]
#10 2.829 Get:143 http://deb.debian.org/debian trixie/main amd64 libbluray2 amd64 1:1.3.4-1+b2 [138 kB]
#10 2.830 Get:144 http://deb.debian.org/debian trixie/main amd64 libchromaprint1 amd64 1.5.1-7 [42.9 kB]
#10 2.837 Get:145 http://deb.debian.org/debian trixie/main amd64 libdvdread8t64 amd64 6.1.3-2 [86.2 kB]
#10 2.837 Get:146 http://deb.debian.org/debian trixie/main amd64 libdvdnav4 amd64 6.1.1-3+b1 [44.5 kB]
#10 2.863 Get:147 http://deb.debian.org/debian trixie/main amd64 libgme0 amd64 0.6.3-7+b2 [131 kB]
#10 2.882 Get:148 http://deb.debian.org/debian trixie/main amd64 libmpg123-0t64 amd64 1.32.10-1+deb13u1 [149 kB]
#10 2.883 Get:149 http://deb.debian.org/debian trixie/main amd64 libvorbisfile3 amd64 1.3.7-3 [20.9 kB]
#10 2.895 Get:150 http://deb.debian.org/debian trixie/main amd64 libopenmpt0t64 amd64 0.7.13-1+b1 [855 kB]
#10 2.897 Get:151 http://deb.debian.org/debian trixie/main amd64 librabbitmq4 amd64 0.15.0-1+deb13u2 [42.5 kB]
#10 2.898 Get:152 http://deb.debian.org/debian trixie/main amd64 libcjson1 amd64 1.7.18-3.1+deb13u1 [29.8 kB]
#10 2.907 Get:153 http://deb.debian.org/debian trixie/main amd64 libmbedcrypto16 amd64 3.6.6-0.1~deb13u1 [365 kB]
#10 2.908 Get:154 http://deb.debian.org/debian trixie/main amd64 librist4 amd64 0.2.11+dfsg-1 [72.1 kB]
#10 2.917 Get:155 http://deb.debian.org/debian trixie/main amd64 libsrt1.5-gnutls amd64 1.5.4-1+deb13u1 [348 kB]
#10 2.928 Get:156 http://deb.debian.org/debian trixie/main amd64 libssh-4 amd64 0.11.5-0+deb13u1 [212 kB]
#10 2.929 Get:157 http://deb.debian.org/debian trixie/main amd64 libnorm1t64 amd64 1.5.9+dfsg-3.1+b2 [221 kB]
#10 2.931 Get:158 http://deb.debian.org/debian trixie/main amd64 libpgm-5.3-0t64 amd64 5.3.128~dfsg-2.1+b1 [162 kB]
#10 2.931 Get:159 http://deb.debian.org/debian trixie/main amd64 libsodium23 amd64 1.0.18-1+deb13u1 [165 kB]
#10 2.932 Get:160 http://deb.debian.org/debian trixie/main amd64 libzmq5 amd64 4.3.5-1+b3 [283 kB]
#10 2.935 Get:161 http://deb.debian.org/debian trixie/main amd64 libavformat61 amd64 7:7.1.5-0+deb13u1 [1203 kB]
#10 2.939 Get:162 http://deb.debian.org/debian trixie/main amd64 libbs2b0 amd64 3.1.0+dfsg-8+b1 [12.5 kB]
#10 2.950 Get:163 http://deb.debian.org/debian trixie/main amd64 libflite1 amd64 2.2-7 [12.8 MB]
#10 3.005 Get:164 http://deb.debian.org/debian trixie/main amd64 libserd-0-0 amd64 0.32.4-1 [47.0 kB]
#10 3.005 Get:165 http://deb.debian.org/debian trixie/main amd64 libzix-0-0 amd64 0.6.2-1 [23.1 kB]
#10 3.005 Get:166 http://deb.debian.org/debian trixie/main amd64 libsord-0-0 amd64 0.16.18-1 [18.0 kB]
#10 3.005 Get:167 http://deb.debian.org/debian trixie/main amd64 libsratom-0-0 amd64 0.6.18-1 [17.7 kB]
#10 3.005 Get:168 http://deb.debian.org/debian trixie/main amd64 liblilv-0-0 amd64 0.24.26-1 [43.5 kB]
#10 3.005 Get:169 http://deb.debian.org/debian trixie/main amd64 libmysofa1 amd64 1.3.3+dfsg-1 [1158 kB]
#10 3.007 Get:170 http://deb.debian.org/debian trixie/main amd64 libvulkan1 amd64 1.4.309.0-1 [130 kB]
#10 3.008 Get:171 http://deb.debian.org/debian trixie/main amd64 libplacebo349 amd64 7.349.0-3 [2542 kB]
#10 3.012 Get:172 http://deb.debian.org/debian trixie/main amd64 libblas3 amd64 3.12.1-6 [160 kB]
#10 3.017 Get:173 http://deb.debian.org/debian trixie/main amd64 libgfortran5 amd64 14.2.0-19 [836 kB]
#10 3.025 Get:174 http://deb.debian.org/debian trixie/main amd64 liblapack3 amd64 3.12.1-6 [2447 kB]
#10 3.036 Get:175 http://deb.debian.org/debian trixie/main amd64 libasyncns0 amd64 0.8-6+b5 [12.0 kB]
#10 3.049 Get:176 http://deb.debian.org/debian trixie/main amd64 libdbus-1-3 amd64 1.16.2-2 [178 kB]
#10 3.057 Get:177 http://deb.debian.org/debian trixie/main amd64 libflac14 amd64 1.5.0+ds-2 [210 kB]
#10 3.067 Get:178 http://deb.debian.org/debian trixie/main amd64 libsndfile1 amd64 1.2.2-2+deb13u1 [199 kB]
#10 3.084 Get:179 http://deb.debian.org/debian trixie/main amd64 libpulse0 amd64 17.0+dfsg1-2+b1 [276 kB]
#10 3.095 Get:180 http://deb.debian.org/debian trixie/main amd64 libsphinxbase3t64 amd64 0.8+5prealpha+1-21+b1 [121 kB]
#10 3.095 Get:181 http://deb.debian.org/debian trixie/main amd64 libpocketsphinx3 amd64 0.8+5prealpha+1-15+b4 [126 kB]
#10 3.096 Get:182 http://deb.debian.org/debian trixie/main amd64 libpostproc58 amd64 7:7.1.5-0+deb13u1 [96.0 kB]
#10 3.097 Get:183 http://deb.debian.org/debian trixie/main amd64 libsamplerate0 amd64 0.2.2-4+b2 [950 kB]
#10 3.113 Get:184 http://deb.debian.org/debian trixie/main amd64 librubberband2 amd64 3.3.0+dfsg-2+b3 [142 kB]
#10 3.113 Get:185 http://deb.debian.org/debian trixie/main amd64 libswscale8 amd64 7:7.1.5-0+deb13u1 [242 kB]
#10 3.114 Get:186 http://deb.debian.org/debian trixie/main amd64 libvidstab1.1 amd64 1.1.0-2+b2 [38.9 kB]
#10 3.128 Get:187 http://deb.debian.org/debian trixie/main amd64 libzimg2 amd64 3.0.5+ds1-1+b2 [244 kB]
#10 3.139 Get:188 http://deb.debian.org/debian trixie/main amd64 libavfilter10 amd64 7:7.1.5-0+deb13u1 [4121 kB]
#10 3.166 Get:189 http://deb.debian.org/debian trixie/main amd64 libncursesw6 amd64 6.5+20250216-2 [135 kB]
#10 3.168 Get:190 http://deb.debian.org/debian trixie/main amd64 libslang2 amd64 2.3.3-5+b2 [549 kB]
#10 3.179 Get:191 http://deb.debian.org/debian trixie/main amd64 libcaca0 amd64 0.99.beta20-5+deb13u1 [202 kB]
#10 3.180 Get:192 http://deb.debian.org/debian trixie/main amd64 libcdio19t64 amd64 2.2.0-4.1~deb13u1 [61.6 kB]
#10 3.180 Get:193 http://deb.debian.org/debian trixie/main amd64 libcdio-cdda2t64 amd64 10.2+2.0.2-1+b1 [17.7 kB]
#10 3.181 Get:194 http://deb.debian.org/debian trixie/main amd64 libcdio-paranoia2t64 amd64 10.2+2.0.2-1+b1 [17.4 kB]
#10 3.181 Get:195 http://deb.debian.org/debian trixie/main amd64 libusb-1.0-0 amd64 2:1.0.28-1 [59.6 kB]
#10 3.182 Get:196 http://deb.debian.org/debian trixie/main amd64 libdc1394-25 amd64 2.2.6-5 [111 kB]
#10 3.183 Get:197 http://deb.debian.org/debian trixie/main amd64 libglvnd0 amd64 1.7.0-1+b2 [52.0 kB]
#10 3.185 Get:198 http://deb.debian.org/debian trixie/main amd64 libxcb-glx0 amd64 1.17.0-2+b1 [122 kB]
#10 3.199 Get:199 http://deb.debian.org/debian trixie/main amd64 libxcb-present0 amd64 1.17.0-2+b1 [106 kB]
#10 3.199 Get:200 http://deb.debian.org/debian trixie/main amd64 libxcb-xfixes0 amd64 1.17.0-2+b1 [109 kB]
#10 3.200 Get:201 http://deb.debian.org/debian trixie/main amd64 libxxf86vm1 amd64 1:1.1.4-1+b4 [19.3 kB]
#10 3.200 Get:202 http://deb.debian.org/debian trixie/main amd64 libdrm-amdgpu1 amd64 2.4.124-2 [22.6 kB]
#10 3.200 Get:203 http://deb.debian.org/debian trixie/main amd64 libpciaccess0 amd64 0.17-3+b3 [51.9 kB]
#10 3.201 Get:204 http://deb.debian.org/debian trixie/main amd64 libdrm-intel1 amd64 2.4.124-2 [64.1 kB]
#10 3.212 Get:205 http://deb.debian.org/debian trixie/main amd64 libelf1t64 amd64 0.192-4 [189 kB]
#10 3.214 Get:206 http://deb.debian.org/debian trixie/main amd64 libedit2 amd64 3.1-20250104-1 [93.8 kB]
#10 3.215 Get:207 http://deb.debian.org/debian trixie/main amd64 libz3-4 amd64 4.13.3-1 [8560 kB]
#10 3.255 Get:208 http://deb.debian.org/debian trixie/main amd64 libllvm19 amd64 1:19.1.7-3+b1 [26.0 MB]
#10 3.375 Get:209 http://deb.debian.org/debian trixie/main amd64 libsensors-config all 1:3.6.2-2 [16.2 kB]
#10 3.375 Get:210 http://deb.debian.org/debian trixie/main amd64 libsensors5 amd64 1:3.6.2-2 [37.5 kB]
#10 3.375 Get:211 http://deb.debian.org/debian trixie/main amd64 libxcb-randr0 amd64 1.17.0-2+b1 [117 kB]
#10 3.375 Get:212 http://deb.debian.org/debian trixie/main amd64 libxcb-sync1 amd64 1.17.0-2+b1 [109 kB]
#10 3.376 Get:213 http://deb.debian.org/debian trixie/main amd64 libxshmfence1 amd64 1.3.3-1 [10.9 kB]
#10 3.376 Get:214 http://deb.debian.org/debian trixie/main amd64 mesa-libgallium amd64 25.0.7-2+deb13u1 [9630 kB]
#10 3.420 Get:215 http://deb.debian.org/debian trixie/main amd64 libwayland-server0 amd64 1.23.1-3 [34.4 kB]
#10 3.420 Get:216 http://deb.debian.org/debian trixie/main amd64 libgbm1 amd64 25.0.7-2+deb13u1 [44.6 kB]
#10 3.421 Get:217 http://deb.debian.org/debian trixie/main amd64 libgl1-mesa-dri amd64 25.0.7-2+deb13u1 [46.2 kB]
#10 3.421 Get:218 http://deb.debian.org/debian trixie/main amd64 libglx-mesa0 amd64 25.0.7-2+deb13u1 [143 kB]
#10 3.422 Get:219 http://deb.debian.org/debian trixie/main amd64 libglx0 amd64 1.7.0-1+b2 [34.9 kB]
#10 3.422 Get:220 http://deb.debian.org/debian trixie/main amd64 libgl1 amd64 1.7.0-1+b2 [89.5 kB]
#10 3.422 Get:221 http://deb.debian.org/debian trixie/main amd64 libiec61883-0 amd64 1.2.0-7 [30.6 kB]
#10 3.430 Get:222 http://deb.debian.org/debian trixie/main amd64 libjack-jackd2-0 amd64 1.9.22~dfsg-4 [287 kB]
#10 3.432 Get:223 http://deb.debian.org/debian trixie/main amd64 libopenal-data all 1:1.24.2-1 [168 kB]
#10 3.448 Get:224 http://deb.debian.org/debian trixie/main amd64 libopenal1 amd64 1:1.24.2-1 [637 kB]
#10 3.453 Get:225 http://deb.debian.org/debian trixie/main amd64 libwayland-client0 amd64 1.23.1-3 [26.8 kB]
#10 3.454 Get:226 http://deb.debian.org/debian trixie/main amd64 libdecor-0-0 amd64 0.2.2-2 [15.5 kB]
#10 3.456 Get:227 http://deb.debian.org/debian trixie/main amd64 libwayland-cursor0 amd64 1.23.1-3 [11.9 kB]
#10 3.458 Get:228 http://deb.debian.org/debian trixie/main amd64 libwayland-egl1 amd64 1.23.1-3 [5860 B]
#10 3.459 Get:229 http://deb.debian.org/debian trixie/main amd64 libxcursor1 amd64 1:1.2.3-1 [39.7 kB]
#10 3.461 Get:230 http://deb.debian.org/debian trixie/main amd64 libxi6 amd64 2:1.8.2-1 [78.9 kB]
#10 3.463 Get:231 http://deb.debian.org/debian trixie/main amd64 xkb-data all 2.42-1 [790 kB]
#10 3.466 Get:232 http://deb.debian.org/debian trixie/main amd64 libxkbcommon0 amd64 1.7.0-2 [113 kB]
#10 3.472 Get:233 http://deb.debian.org/debian trixie/main amd64 libxrandr2 amd64 2:1.5.4-1+b3 [36.3 kB]
#10 3.483 Get:234 http://deb.debian.org/debian trixie/main amd64 x11-common all 1:7.7+24+deb13u1 [217 kB]
#10 3.485 Get:235 http://deb.debian.org/debian trixie/main amd64 libxss1 amd64 1:1.2.3-1+b3 [17.0 kB]
#10 3.487 Get:236 http://deb.debian.org/debian trixie/main amd64 libsdl2-2.0-0 amd64 2.32.4+dfsg-1 [669 kB]
#10 3.490 Get:237 http://deb.debian.org/debian trixie/main amd64 libxcb-shape0 amd64 1.17.0-2+b1 [106 kB]
#10 3.492 Get:238 http://deb.debian.org/debian trixie/main amd64 libxv1 amd64 2:1.0.11-1.1+b3 [23.4 kB]
#10 3.493 Get:239 http://deb.debian.org/debian trixie/main amd64 libavdevice61 amd64 7:7.1.5-0+deb13u1 [127 kB]
#10 3.496 Get:240 http://deb.debian.org/debian trixie/main amd64 ffmpeg amd64 7:7.1.5-0+deb13u1 [2002 kB]
#10 3.506 Get:241 http://deb.debian.org/debian trixie/main amd64 gnupg-l10n all 2.4.7-21+deb13u1 [749 kB]
#10 3.522 Get:242 http://deb.debian.org/debian trixie/main amd64 gpg amd64 2.4.7-21+deb13u1+b5 [636 kB]
#10 3.531 Get:243 http://deb.debian.org/debian trixie/main amd64 pinentry-curses amd64 1.3.1-2 [86.4 kB]
#10 3.532 Get:244 http://deb.debian.org/debian trixie/main amd64 gpg-agent amd64 2.4.7-21+deb13u1+b5 [271 kB]
#10 3.547 Get:245 http://deb.debian.org/debian trixie/main amd64 gpgsm amd64 2.4.7-21+deb13u1+b5 [276 kB]
#10 3.557 Get:246 http://deb.debian.org/debian trixie/main amd64 gnupg all 2.4.7-21+deb13u1 [417 kB]
#10 3.558 Get:247 http://deb.debian.org/debian trixie/main amd64 libaec0 amd64 1.1.3-1+b1 [23.8 kB]
#10 3.558 Get:248 http://deb.debian.org/debian trixie/main amd64 libarchive13t64 amd64 3.7.4-4+deb13u1 [350 kB]
#10 3.569 Get:249 http://deb.debian.org/debian trixie/main amd64 libngtcp2-16 amd64 1.11.0-1+deb13u1 [132 kB]
#10 3.569 Get:250 http://deb.debian.org/debian trixie/main amd64 libngtcp2-crypto-gnutls8 amd64 1.11.0-1+deb13u1 [29.5 kB]
#10 3.570 Get:251 http://deb.debian.org/debian trixie/main amd64 libcurl3t64-gnutls amd64 8.14.1-2+deb13u5 [384 kB]
#10 3.572 Get:252 http://deb.debian.org/debian trixie/main amd64 libcfitsio10t64 amd64 4.6.2-2 [577 kB]
#10 3.574 Get:253 http://deb.debian.org/debian trixie/main amd64 libcgif0 amd64 0.5.0-1 [10.9 kB]
#10 3.584 Get:254 http://deb.debian.org/debian trixie/main amd64 libexif12 amd64 0.6.25-1+deb13u1 [423 kB]
#10 3.587 Get:255 http://deb.debian.org/debian trixie/main amd64 libgpgme11t64 amd64 1.24.2-3 [346 kB]
#10 3.600 Get:256 http://deb.debian.org/debian trixie/main amd64 libgpgmepp6t64 amd64 1.24.2-3 [341 kB]
#10 3.602 Get:257 http://deb.debian.org/debian trixie/main amd64 libsz2 amd64 1.1.3-1+b1 [8080 B]
#10 3.611 Get:258 http://deb.debian.org/debian trixie/main amd64 libhdf5-310 amd64 1.14.5+repack-3 [1344 kB]
#10 3.615 Get:259 http://deb.debian.org/debian trixie/main amd64 libimagequant0 amd64 2.18.0-1+b2 [35.2 kB]
#10 3.619 Get:260 http://deb.debian.org/debian trixie/main amd64 libimath-3-1-29t64 amd64 3.1.12-1+b3 [45.5 kB]
#10 3.627 Get:261 http://deb.debian.org/debian trixie/main amd64 libmatio13 amd64 1.5.28-2 [112 kB]
#10 3.636 Get:262 http://deb.debian.org/debian trixie/main amd64 libnspr4 amd64 2:4.36-1 [110 kB]
#10 3.638 Get:263 http://deb.debian.org/debian trixie/main amd64 libnss3 amd64 2:3.110-1+deb13u4 [1394 kB]
#10 3.643 Get:264 http://deb.debian.org/debian trixie/main amd64 libopenexr-3-1-30 amd64 3.1.13-2 [945 kB]
#10 3.649 Get:265 http://deb.debian.org/debian trixie/main amd64 libopenslide0 amd64 3.4.1+dfsg-7+deb13u1 [87.7 kB]
#10 3.649 Get:266 http://deb.debian.org/debian trixie/main amd64 libpoppler147 amd64 25.03.0-5+deb13u4 [2036 kB]
#10 3.667 Get:267 http://deb.debian.org/debian trixie/main amd64 libpoppler-glib8t64 amd64 25.03.0-5+deb13u4 [155 kB]
#10 3.669 Get:268 http://deb.debian.org/debian trixie/main amd64 libspng0 amd64 0.7.4-2 [32.0 kB]
#10 3.670 Get:269 http://deb.debian.org/debian trixie/main amd64 libvips42t64 amd64 8.16.1-1+deb13u1 [1266 kB]
#10 3.678 Get:270 http://deb.debian.org/debian-security trixie-security/main amd64 redis all 5:8.0.2-3+deb13u3 [18.1 kB]
#10 3.764 debconf: unable to initialize frontend: Dialog
#10 3.764 debconf: (TERM is not set, so the dialog frontend is not usable.)
#10 3.764 debconf: falling back to frontend: Readline
#10 3.764 debconf: unable to initialize frontend: Readline
#10 3.764 debconf: (Can't locate Term/ReadLine.pm in @INC (you may need to install the Term::ReadLine module) (@INC entries checked: /etc/perl /usr/local/lib/x86_64-linux-gnu/perl/5.40.1 /usr/local/share/perl/5.40.1 /usr/lib/x86_64-linux-gnu/perl5/5.40 /usr/share/perl5 /usr/lib/x86_64-linux-gnu/perl-base /usr/lib/x86_64-linux-gnu/perl/5.40 /usr/share/perl/5.40 /usr/local/lib/site_perl) at /usr/share/perl5/Debconf/FrontEnd/Readline.pm line 8, <STDIN> line 270.)
#10 3.764 debconf: falling back to frontend: Teletype
#10 3.766 debconf: unable to initialize frontend: Teletype
#10 3.766 debconf: (This frontend requires a controlling tty.)
#10 3.766 debconf: falling back to frontend: Noninteractive
#10 6.612 Preconfiguring packages ...
#10 6.645 Fetched 155 MB in 2s (103 MB/s)
#10 6.652 Selecting previously unselected package libexpat1:amd64.
#10 6.652 (Reading database ... (Reading database ... 5%(Reading database ... 10%(Reading database ... 15%(Reading database ... 20%(Reading database ... 25%(Reading database ... 30%(Reading database ... 35%(Reading database ... 40%(Reading database ... 45%(Reading database ... 50%(Reading database ... 55%(Reading database ... 60%(Reading database ... 65%(Reading database ... 70%(Reading database ... 75%(Reading database ... 80%(Reading database ... 85%(Reading database ... 90%(Reading database ... 95%(Reading database ... 100%(Reading database ... 5525 files and directories currently installed.)
#10 6.655 Preparing to unpack .../00-libexpat1_2.8.3-1~deb13u1_amd64.deb ...
#10 6.673 Unpacking libexpat1:amd64 (2.8.3-1~deb13u1) ...
#10 6.687 Selecting previously unselected package libgomp1:amd64.
#10 6.688 Preparing to unpack .../01-libgomp1_14.2.0-19_amd64.deb ...
#10 6.689 Unpacking libgomp1:amd64 (14.2.0-19) ...
#10 6.702 Selecting previously unselected package libfftw3-double3:amd64.
#10 6.703 Preparing to unpack .../02-libfftw3-double3_3.3.10-2+b1_amd64.deb ...
#10 6.704 Unpacking libfftw3-double3:amd64 (3.3.10-2+b1) ...
#10 6.733 Selecting previously unselected package libbrotli1:amd64.
#10 6.734 Preparing to unpack .../03-libbrotli1_1.1.0-2+b7_amd64.deb ...
#10 6.735 Unpacking libbrotli1:amd64 (1.1.0-2+b7) ...
#10 6.754 Selecting previously unselected package libpng16-16t64:amd64.
#10 6.755 Preparing to unpack .../04-libpng16-16t64_1.6.48-1+deb13u6_amd64.deb ...
#10 6.756 Unpacking libpng16-16t64:amd64 (1.6.48-1+deb13u6) ...
#10 6.771 Selecting previously unselected package libfreetype6:amd64.
#10 6.772 Preparing to unpack .../05-libfreetype6_2.13.3+dfsg-1+deb13u1_amd64.deb ...
#10 6.773 Unpacking libfreetype6:amd64 (2.13.3+dfsg-1+deb13u1) ...
#10 6.791 Selecting previously unselected package fonts-dejavu-mono.
#10 6.792 Preparing to unpack .../06-fonts-dejavu-mono_2.37-8_all.deb ...
#10 6.793 Unpacking fonts-dejavu-mono (2.37-8) ...
#10 6.816 Selecting previously unselected package fonts-dejavu-core.
#10 6.817 Preparing to unpack .../07-fonts-dejavu-core_2.37-8_all.deb ...
#10 6.824 Unpacking fonts-dejavu-core (2.37-8) ...
#10 6.857 Selecting previously unselected package fontconfig-config.
#10 6.858 Preparing to unpack .../08-fontconfig-config_2.15.0-2.3_amd64.deb ...
#10 6.859 Unpacking fontconfig-config (2.15.0-2.3) ...
#10 6.875 Selecting previously unselected package libfontconfig1:amd64.
#10 6.876 Preparing to unpack .../09-libfontconfig1_2.15.0-2.3_amd64.deb ...
#10 6.877 Unpacking libfontconfig1:amd64 (2.15.0-2.3) ...
#10 6.892 Selecting previously unselected package libsharpyuv0:amd64.
#10 6.893 Preparing to unpack .../10-libsharpyuv0_1.5.0-0.1_amd64.deb ...
#10 6.894 Unpacking libsharpyuv0:amd64 (1.5.0-0.1) ...
#10 6.906 Selecting previously unselected package libde265-0:amd64.
#10 6.906 Preparing to unpack .../11-libde265-0_1.0.15-1+deb13u2_amd64.deb ...
#10 6.908 Unpacking libde265-0:amd64 (1.0.15-1+deb13u2) ...
#10 6.922 Selecting previously unselected package libheif-plugin-libde265:amd64.
#10 6.923 Preparing to unpack .../12-libheif-plugin-libde265_1.23.4-1~deb13u1_amd64.deb ...
#10 6.924 Unpacking libheif-plugin-libde265:amd64 (1.23.4-1~deb13u1) ...
#10 6.935 Selecting previously unselected package libdav1d7:amd64.
#10 6.935 Preparing to unpack .../13-libdav1d7_1.5.1-1_amd64.deb ...
#10 6.936 Unpacking libdav1d7:amd64 (1.5.1-1) ...
#10 6.961 Selecting previously unselected package libheif-plugin-dav1d:amd64.
#10 6.961 Preparing to unpack .../14-libheif-plugin-dav1d_1.23.4-1~deb13u1_amd64.deb ...
#10 6.963 Unpacking libheif-plugin-dav1d:amd64 (1.23.4-1~deb13u1) ...
#10 6.973 Selecting previously unselected package libheif1:amd64.
#10 6.974 Preparing to unpack .../15-libheif1_1.23.4-1~deb13u1_amd64.deb ...
#10 6.975 Unpacking libheif1:amd64 (1.23.4-1~deb13u1) ...
#10 7.006 Selecting previously unselected package libjbig0:amd64.
#10 7.008 Preparing to unpack .../16-libjbig0_2.1-6.1+b2_amd64.deb ...
#10 7.009 Unpacking libjbig0:amd64 (2.1-6.1+b2) ...
#10 7.021 Selecting previously unselected package libjpeg62-turbo:amd64.
#10 7.022 Preparing to unpack .../17-libjpeg62-turbo_1%3a2.1.5-4_amd64.deb ...
#10 7.023 Unpacking libjpeg62-turbo:amd64 (1:2.1.5-4) ...
#10 7.039 Selecting previously unselected package liblcms2-2:amd64.
#10 7.040 Preparing to unpack .../18-liblcms2-2_2.16-2+deb13u2_amd64.deb ...
#10 7.041 Unpacking liblcms2-2:amd64 (2.16-2+deb13u2) ...
#10 7.055 Selecting previously unselected package libatomic1:amd64.
#10 7.056 Preparing to unpack .../19-libatomic1_14.2.0-19_amd64.deb ...
#10 7.057 Unpacking libatomic1:amd64 (14.2.0-19) ...
#10 7.069 Selecting previously unselected package libglib2.0-0t64:amd64.
#10 7.070 Preparing to unpack .../20-libglib2.0-0t64_2.84.4-3~deb13u5_amd64.deb ...
#10 7.073 Unpacking libglib2.0-0t64:amd64 (2.84.4-3~deb13u5) ...
#10 7.120 Selecting previously unselected package liblqr-1-0:amd64.
#10 7.121 Preparing to unpack .../21-liblqr-1-0_0.4.2-2.1+b2_amd64.deb ...
#10 7.123 Unpacking liblqr-1-0:amd64 (0.4.2-2.1+b2) ...
#10 7.133 Selecting previously unselected package libltdl7:amd64.
#10 7.134 Preparing to unpack .../22-libltdl7_2.5.4-4_amd64.deb ...
#10 7.135 Unpacking libltdl7:amd64 (2.5.4-4) ...
#10 7.147 Selecting previously unselected package libopenjp2-7:amd64.
#10 7.148 Preparing to unpack .../23-libopenjp2-7_2.5.3-2.1~deb13u2_amd64.deb ...
#10 7.149 Unpacking libopenjp2-7:amd64 (2.5.3-2.1~deb13u2) ...
#10 7.164 Selecting previously unselected package libraw23t64:amd64.
#10 7.165 Preparing to unpack .../24-libraw23t64_0.21.4-2+deb13u1_amd64.deb ...
#10 7.166 Unpacking libraw23t64:amd64 (0.21.4-2+deb13u1) ...
#10 7.187 Selecting previously unselected package libdeflate0:amd64.
#10 7.188 Preparing to unpack .../25-libdeflate0_1.23-2_amd64.deb ...
#10 7.189 Unpacking libdeflate0:amd64 (1.23-2) ...
#10 7.201 Selecting previously unselected package liblerc4:amd64.
#10 7.202 Preparing to unpack .../26-liblerc4_4.0.0+ds-5_amd64.deb ...
#10 7.203 Unpacking liblerc4:amd64 (4.0.0+ds-5) ...
#10 7.218 Selecting previously unselected package libwebp7:amd64.
#10 7.220 Preparing to unpack .../27-libwebp7_1.5.0-0.1_amd64.deb ...
#10 7.221 Unpacking libwebp7:amd64 (1.5.0-0.1) ...
#10 7.237 Selecting previously unselected package libtiff6:amd64.
#10 7.238 Preparing to unpack .../28-libtiff6_4.7.0-3+deb13u3_amd64.deb ...
#10 7.239 Unpacking libtiff6:amd64 (4.7.0-3+deb13u3) ...
#10 7.254 Selecting previously unselected package libwebpdemux2:amd64.
#10 7.256 Preparing to unpack .../29-libwebpdemux2_1.5.0-0.1_amd64.deb ...
#10 7.257 Unpacking libwebpdemux2:amd64 (1.5.0-0.1) ...
#10 7.268 Selecting previously unselected package libwebpmux3:amd64.
#10 7.269 Preparing to unpack .../30-libwebpmux3_1.5.0-0.1_amd64.deb ...
#10 7.270 Unpacking libwebpmux3:amd64 (1.5.0-0.1) ...
#10 7.281 Selecting previously unselected package libxau6:amd64.
#10 7.282 Preparing to unpack .../31-libxau6_1%3a1.0.11-1_amd64.deb ...
#10 7.283 Unpacking libxau6:amd64 (1:1.0.11-1) ...
#10 7.293 Selecting previously unselected package libxdmcp6:amd64.
#10 7.294 Preparing to unpack .../32-libxdmcp6_1%3a1.1.5-1_amd64.deb ...
#10 7.295 Unpacking libxdmcp6:amd64 (1:1.1.5-1) ...
#10 7.306 Selecting previously unselected package libxcb1:amd64.
#10 7.308 Preparing to unpack .../33-libxcb1_1.17.0-2+b1_amd64.deb ...
#10 7.309 Unpacking libxcb1:amd64 (1.17.0-2+b1) ...
#10 7.319 Selecting previously unselected package libx11-data.
#10 7.320 Preparing to unpack .../34-libx11-data_2%3a1.8.12-1_all.deb ...
#10 7.321 Unpacking libx11-data (2:1.8.12-1) ...
#10 7.344 Selecting previously unselected package libx11-6:amd64.
#10 7.345 Preparing to unpack .../35-libx11-6_2%3a1.8.12-1_amd64.deb ...
#10 7.347 Unpacking libx11-6:amd64 (2:1.8.12-1) ...
#10 7.372 Selecting previously unselected package libxext6:amd64.
#10 7.374 Preparing to unpack .../36-libxext6_2%3a1.3.4-1+b3_amd64.deb ...
#10 7.375 Unpacking libxext6:amd64 (2:1.3.4-1+b3) ...
#10 7.386 Selecting previously unselected package libxml2:amd64.
#10 7.387 Preparing to unpack .../37-libxml2_2.12.7+dfsg+really2.9.14-2.1+deb13u3_amd64.deb ...
#10 7.388 Unpacking libxml2:amd64 (2.12.7+dfsg+really2.9.14-2.1+deb13u3) ...
#10 7.416 Selecting previously unselected package imagemagick-7-common.
#10 7.417 Preparing to unpack .../38-imagemagick-7-common_8%3a7.1.1.43+dfsg1-1+deb13u12_all.deb ...
#10 7.418 Unpacking imagemagick-7-common (8:7.1.1.43+dfsg1-1+deb13u12) ...
#10 7.432 Selecting previously unselected package libmagickcore-7.q16-10:amd64.
#10 7.433 Preparing to unpack .../39-libmagickcore-7.q16-10_8%3a7.1.1.43+dfsg1-1+deb13u12_amd64.deb ...
#10 7.434 Unpacking libmagickcore-7.q16-10:amd64 (8:7.1.1.43+dfsg1-1+deb13u12) ...
#10 7.497 Selecting previously unselected package adduser.
#10 7.498 Preparing to unpack .../40-adduser_3.152_all.deb ...
#10 7.500 Unpacking adduser (3.152) ...
#10 7.519 Setting up adduser (3.152) ...
#10 7.538 Selecting previously unselected package libjemalloc2:amd64.
#10 7.538 (Reading database ... (Reading database ... 5%(Reading database ... 10%(Reading database ... 15%(Reading database ... 20%(Reading database ... 25%(Reading database ... 30%(Reading database ... 35%(Reading database ... 40%(Reading database ... 45%(Reading database ... 50%(Reading database ... 55%(Reading database ... 60%(Reading database ... 65%(Reading database ... 70%(Reading database ... 75%(Reading database ... 80%(Reading database ... 85%(Reading database ... 90%(Reading database ... 95%(Reading database ... 100%(Reading database ... 6551 files and directories currently installed.)
#10 7.541 Preparing to unpack .../000-libjemalloc2_5.3.0-3_amd64.deb ...
#10 7.542 Unpacking libjemalloc2:amd64 (5.3.0-3) ...
#10 7.560 Selecting previously unselected package liblzf1:amd64.
#10 7.561 Preparing to unpack .../001-liblzf1_3.6-4+b3_amd64.deb ...
#10 7.562 Unpacking liblzf1:amd64 (3.6-4+b3) ...
#10 7.572 Selecting previously unselected package redis-tools.
#10 7.573 Preparing to unpack .../002-redis-tools_5%3a8.0.2-3+deb13u3_amd64.deb ...
#10 7.574 Unpacking redis-tools (5:8.0.2-3+deb13u3) ...
#10 7.620 Selecting previously unselected package redis-server.
#10 7.622 Preparing to unpack .../003-redis-server_5%3a8.0.2-3+deb13u3_amd64.deb ...
#10 7.623 Unpacking redis-server (5:8.0.2-3+deb13u3) ...
#10 7.639 Selecting previously unselected package readline-common.
#10 7.641 Preparing to unpack .../004-readline-common_8.2-6_all.deb ...
#10 7.642 Unpacking readline-common (8.2-6) ...
#10 7.653 Selecting previously unselected package libkrb5support0:amd64.
#10 7.654 Preparing to unpack .../005-libkrb5support0_1.21.3-5+deb13u1_amd64.deb ...
#10 7.655 Unpacking libkrb5support0:amd64 (1.21.3-5+deb13u1) ...
#10 7.666 Selecting previously unselected package libcom-err2:amd64.
#10 7.668 Preparing to unpack .../006-libcom-err2_1.47.2-3+b12_amd64.deb ...
#10 7.669 Unpacking libcom-err2:amd64 (1.47.2-3+b12) ...
#10 7.679 Selecting previously unselected package libk5crypto3:amd64.
#10 7.680 Preparing to unpack .../007-libk5crypto3_1.21.3-5+deb13u1_amd64.deb ...
#10 7.681 Unpacking libk5crypto3:amd64 (1.21.3-5+deb13u1) ...
#10 7.693 Selecting previously unselected package libkeyutils1:amd64.
#10 7.694 Preparing to unpack .../008-libkeyutils1_1.6.3-6_amd64.deb ...
#10 7.696 Unpacking libkeyutils1:amd64 (1.6.3-6) ...
#10 7.707 Selecting previously unselected package libkrb5-3:amd64.
#10 7.708 Preparing to unpack .../009-libkrb5-3_1.21.3-5+deb13u1_amd64.deb ...
#10 7.709 Unpacking libkrb5-3:amd64 (1.21.3-5+deb13u1) ...
#10 7.729 Selecting previously unselected package libgssapi-krb5-2:amd64.
#10 7.730 Preparing to unpack .../010-libgssapi-krb5-2_1.21.3-5+deb13u1_amd64.deb ...
#10 7.731 Unpacking libgssapi-krb5-2:amd64 (1.21.3-5+deb13u1) ...
#10 7.745 Selecting previously unselected package libunistring5:amd64.
#10 7.746 Preparing to unpack .../011-libunistring5_1.3-2_amd64.deb ...
#10 7.747 Unpacking libunistring5:amd64 (1.3-2) ...
#10 7.772 Selecting previously unselected package libidn2-0:amd64.
#10 7.774 Preparing to unpack .../012-libidn2-0_2.3.8-2_amd64.deb ...
#10 7.775 Unpacking libidn2-0:amd64 (2.3.8-2) ...
#10 7.787 Selecting previously unselected package libsasl2-modules-db:amd64.
#10 7.788 Preparing to unpack .../013-libsasl2-modules-db_2.1.28+dfsg1-9_amd64.deb ...
#10 7.789 Unpacking libsasl2-modules-db:amd64 (2.1.28+dfsg1-9) ...
#10 7.799 Selecting previously unselected package libsasl2-2:amd64.
#10 7.800 Preparing to unpack .../014-libsasl2-2_2.1.28+dfsg1-9_amd64.deb ...
#10 7.801 Unpacking libsasl2-2:amd64 (2.1.28+dfsg1-9) ...
#10 7.813 Selecting previously unselected package libldap2:amd64.
#10 7.814 Preparing to unpack .../015-libldap2_2.6.10+dfsg-1_amd64.deb ...
#10 7.815 Unpacking libldap2:amd64 (2.6.10+dfsg-1) ...
#10 7.831 Selecting previously unselected package libnghttp2-14:amd64.
#10 7.833 Preparing to unpack .../016-libnghttp2-14_1.64.0-1.1+deb13u1_amd64.deb ...
#10 7.834 Unpacking libnghttp2-14:amd64 (1.64.0-1.1+deb13u1) ...
#10 7.846 Selecting previously unselected package libnghttp3-9:amd64.
#10 7.847 Preparing to unpack .../017-libnghttp3-9_1.8.0-1_amd64.deb ...
#10 7.848 Unpacking libnghttp3-9:amd64 (1.8.0-1) ...
#10 7.862 Selecting previously unselected package libpsl5t64:amd64.
#10 7.863 Preparing to unpack .../018-libpsl5t64_0.21.2-1.1+b1_amd64.deb ...
#10 7.864 Unpacking libpsl5t64:amd64 (0.21.2-1.1+b1) ...
#10 7.876 Selecting previously unselected package libp11-kit0:amd64.
#10 7.877 Preparing to unpack .../019-libp11-kit0_0.25.5-3_amd64.deb ...
#10 7.878 Unpacking libp11-kit0:amd64 (0.25.5-3) ...
#10 7.898 Selecting previously unselected package libtasn1-6:amd64.
#10 7.900 Preparing to unpack .../020-libtasn1-6_4.20.0-2+deb13u1_amd64.deb ...
#10 7.901 Unpacking libtasn1-6:amd64 (4.20.0-2+deb13u1) ...
#10 7.914 Selecting previously unselected package libgnutls30t64:amd64.
#10 7.915 Preparing to unpack .../021-libgnutls30t64_3.8.9-3+deb13u4_amd64.deb ...
#10 7.916 Unpacking libgnutls30t64:amd64 (3.8.9-3+deb13u4) ...
#10 7.951 Selecting previously unselected package librtmp1:amd64.
#10 7.953 Preparing to unpack .../022-librtmp1_2.4+20151223.gitfa8646d.1-2+b5_amd64.deb ...
#10 7.954 Unpacking librtmp1:amd64 (2.4+20151223.gitfa8646d.1-2+b5) ...
#10 7.966 Selecting previously unselected package libssh2-1t64:amd64.
#10 7.967 Preparing to unpack .../023-libssh2-1t64_1.11.1-1+deb13u2_amd64.deb ...
#10 7.968 Unpacking libssh2-1t64:amd64 (1.11.1-1+deb13u2) ...
#10 7.983 Selecting previously unselected package libcurl4t64:amd64.
#10 7.984 Preparing to unpack .../024-libcurl4t64_8.14.1-2+deb13u5_amd64.deb ...
#10 7.985 Unpacking libcurl4t64:amd64 (8.14.1-2+deb13u5) ...
#10 8.003 Selecting previously unselected package curl.
#10 8.005 Preparing to unpack .../025-curl_8.14.1-2+deb13u5_amd64.deb ...
#10 8.006 Unpacking curl (8.14.1-2+deb13u5) ...
#10 8.022 Selecting previously unselected package libgpg-error0:amd64.
#10 8.023 Preparing to unpack .../026-libgpg-error0_1.51-4_amd64.deb ...
#10 8.024 Unpacking libgpg-error0:amd64 (1.51-4) ...
#10 8.036 Selecting previously unselected package libassuan9:amd64.
#10 8.038 Preparing to unpack .../027-libassuan9_3.0.2-2_amd64.deb ...
#10 8.039 Unpacking libassuan9:amd64 (3.0.2-2) ...
#10 8.051 Selecting previously unselected package libgcrypt20:amd64.
#10 8.053 Preparing to unpack .../028-libgcrypt20_1.11.0-7+deb13u1_amd64.deb ...
#10 8.054 Unpacking libgcrypt20:amd64 (1.11.0-7+deb13u1) ...
#10 8.081 Selecting previously unselected package libreadline8t64:amd64.
#10 8.082 Preparing to unpack .../029-libreadline8t64_8.2-6_amd64.deb ...
#10 8.085 Adding 'diversion of /lib/x86_64-linux-gnu/libhistory.so.8 to /lib/x86_64-linux-gnu/libhistory.so.8.usr-is-merged by libreadline8t64'
#10 8.087 Adding 'diversion of /lib/x86_64-linux-gnu/libhistory.so.8.2 to /lib/x86_64-linux-gnu/libhistory.so.8.2.usr-is-merged by libreadline8t64'
#10 8.089 Adding 'diversion of /lib/x86_64-linux-gnu/libreadline.so.8 to /lib/x86_64-linux-gnu/libreadline.so.8.usr-is-merged by libreadline8t64'
#10 8.092 Adding 'diversion of /lib/x86_64-linux-gnu/libreadline.so.8.2 to /lib/x86_64-linux-gnu/libreadline.so.8.2.usr-is-merged by libreadline8t64'
#10 8.093 Unpacking libreadline8t64:amd64 (8.2-6) ...
#10 8.106 Selecting previously unselected package gpgconf.
#10 8.107 Preparing to unpack .../030-gpgconf_2.4.7-21+deb13u1+b5_amd64.deb ...
#10 8.108 Unpacking gpgconf (2.4.7-21+deb13u1+b5) ...
#10 8.122 Selecting previously unselected package libksba8:amd64.
#10 8.123 Preparing to unpack .../031-libksba8_1.6.7-2+b1_amd64.deb ...
#10 8.124 Unpacking libksba8:amd64 (1.6.7-2+b1) ...
#10 8.137 Selecting previously unselected package libnpth0t64:amd64.
#10 8.139 Preparing to unpack .../032-libnpth0t64_1.8-3_amd64.deb ...
#10 8.140 Unpacking libnpth0t64:amd64 (1.8-3) ...
#10 8.151 Selecting previously unselected package dirmngr.
#10 8.152 Preparing to unpack .../033-dirmngr_2.4.7-21+deb13u1+b5_amd64.deb ...
#10 8.158 Unpacking dirmngr (2.4.7-21+deb13u1+b5) ...
#10 8.178 Selecting previously unselected package libaom3:amd64.
#10 8.179 Preparing to unpack .../034-libaom3_3.12.1-1+deb13u1_amd64.deb ...
#10 8.180 Unpacking libaom3:amd64 (3.12.1-1+deb13u1) ...
#10 8.238 Selecting previously unselected package libdrm-common.
#10 8.240 Preparing to unpack .../035-libdrm-common_2.4.124-2_all.deb ...
#10 8.241 Unpacking libdrm-common (2.4.124-2) ...
#10 8.252 Selecting previously unselected package libdrm2:amd64.
#10 8.254 Preparing to unpack .../036-libdrm2_2.4.124-2_amd64.deb ...
#10 8.255 Unpacking libdrm2:amd64 (2.4.124-2) ...
#10 8.267 Selecting previously unselected package libva2:amd64.
#10 8.269 Preparing to unpack .../037-libva2_2.22.0-3_amd64.deb ...
#10 8.270 Unpacking libva2:amd64 (2.22.0-3) ...
#10 8.283 Selecting previously unselected package libva-drm2:amd64.
#10 8.285 Preparing to unpack .../038-libva-drm2_2.22.0-3_amd64.deb ...
#10 8.286 Unpacking libva-drm2:amd64 (2.22.0-3) ...
#10 8.305 Selecting previously unselected package libx11-xcb1:amd64.
#10 8.306 Preparing to unpack .../039-libx11-xcb1_2%3a1.8.12-1_amd64.deb ...
#10 8.308 Unpacking libx11-xcb1:amd64 (2:1.8.12-1) ...
#10 8.335 Selecting previously unselected package libxcb-dri3-0:amd64.
#10 8.338 Preparing to unpack .../040-libxcb-dri3-0_1.17.0-2+b1_amd64.deb ...
#10 8.340 Unpacking libxcb-dri3-0:amd64 (1.17.0-2+b1) ...
#10 8.366 Selecting previously unselected package libxfixes3:amd64.
#10 8.369 Preparing to unpack .../041-libxfixes3_1%3a6.0.0-2+b4_amd64.deb ...
#10 8.369 Unpacking libxfixes3:amd64 (1:6.0.0-2+b4) ...
#10 8.395 Selecting previously unselected package libva-x11-2:amd64.
#10 8.399 Preparing to unpack .../042-libva-x11-2_2.22.0-3_amd64.deb ...
#10 8.400 Unpacking libva-x11-2:amd64 (2.22.0-3) ...
#10 8.426 Selecting previously unselected package libvdpau1:amd64.
#10 8.428 Preparing to unpack .../043-libvdpau1_1.5-3+b1_amd64.deb ...
#10 8.431 Unpacking libvdpau1:amd64 (1.5-3+b1) ...
#10 8.459 Selecting previously unselected package libvpl2.
#10 8.463 Preparing to unpack .../044-libvpl2_1%3a2.14.0-1+b1_amd64.deb ...
#10 8.464 Unpacking libvpl2 (1:2.14.0-1+b1) ...
#10 8.495 Selecting previously unselected package ocl-icd-libopencl1:amd64.
#10 8.497 Preparing to unpack .../045-ocl-icd-libopencl1_2.3.3-1_amd64.deb ...
#10 8.498 Unpacking ocl-icd-libopencl1:amd64 (2.3.3-1) ...
#10 8.530 Selecting previously unselected package libavutil59:amd64.
#10 8.533 Preparing to unpack .../046-libavutil59_7%3a7.1.5-0+deb13u1_amd64.deb ...
#10 8.535 Unpacking libavutil59:amd64 (7:7.1.5-0+deb13u1) ...
#10 8.575 Selecting previously unselected package libpixman-1-0:amd64.
#10 8.579 Preparing to unpack .../047-libpixman-1-0_0.44.0-3_amd64.deb ...
#10 8.581 Unpacking libpixman-1-0:amd64 (0.44.0-3) ...
#10 8.615 Selecting previously unselected package libxcb-render0:amd64.
#10 8.618 Preparing to unpack .../048-libxcb-render0_1.17.0-2+b1_amd64.deb ...
#10 8.619 Unpacking libxcb-render0:amd64 (1.17.0-2+b1) ...
#10 8.661 Selecting previously unselected package libxcb-shm0:amd64.
#10 8.664 Preparing to unpack .../049-libxcb-shm0_1.17.0-2+b1_amd64.deb ...
#10 8.667 Unpacking libxcb-shm0:amd64 (1.17.0-2+b1) ...
#10 8.689 Selecting previously unselected package libxrender1:amd64.
#10 8.692 Preparing to unpack .../050-libxrender1_1%3a0.9.12-1_amd64.deb ...
#10 8.694 Unpacking libxrender1:amd64 (1:0.9.12-1) ...
#10 8.721 Selecting previously unselected package libcairo2:amd64.
#10 8.723 Preparing to unpack .../051-libcairo2_1.18.4-1+b1_amd64.deb ...
#10 8.726 Unpacking libcairo2:amd64 (1.18.4-1+b1) ...
#10 8.768 Selecting previously unselected package libcodec2-1.2:amd64.
#10 8.772 Preparing to unpack .../052-libcodec2-1.2_1.2.0-3_amd64.deb ...
#10 8.773 Unpacking libcodec2-1.2:amd64 (1.2.0-3) ...
#10 9.041 Selecting previously unselected package libgsm1:amd64.
#10 9.044 Preparing to unpack .../053-libgsm1_1.0.22-1+b2_amd64.deb ...
#10 9.047 Unpacking libgsm1:amd64 (1.0.22-1+b2) ...
#10 9.074 Selecting previously unselected package libhwy1t64:amd64.
#10 9.077 Preparing to unpack .../054-libhwy1t64_1.2.0-2+b2_amd64.deb ...
#10 9.078 Unpacking libhwy1t64:amd64 (1.2.0-2+b2) ...
#10 9.150 Selecting previously unselected package libjxl0.11:amd64.
#10 9.154 Preparing to unpack .../055-libjxl0.11_0.11.2-0.1~deb13u2_amd64.deb ...
#10 9.160 Unpacking libjxl0.11:amd64 (0.11.2-0.1~deb13u2) ...
#10 9.222 Selecting previously unselected package libmp3lame0:amd64.
#10 9.227 Preparing to unpack .../056-libmp3lame0_3.100-6+b3_amd64.deb ...
#10 9.229 Unpacking libmp3lame0:amd64 (3.100-6+b3) ...
#10 9.282 Selecting previously unselected package libopus0:amd64.
#10 9.285 Preparing to unpack .../057-libopus0_1.5.2-2_amd64.deb ...
#10 9.287 Unpacking libopus0:amd64 (1.5.2-2) ...
#10 9.385 Selecting previously unselected package librav1e0.7:amd64.
#10 9.388 Preparing to unpack .../058-librav1e0.7_0.7.1-9+b2_amd64.deb ...
#10 9.391 Unpacking librav1e0.7:amd64 (0.7.1-9+b2) ...
#10 9.446 Selecting previously unselected package libcairo-gobject2:amd64.
#10 9.448 Preparing to unpack .../059-libcairo-gobject2_1.18.4-1+b1_amd64.deb ...
#10 9.449 Unpacking libcairo-gobject2:amd64 (1.18.4-1+b1) ...
#10 9.479 Selecting previously unselected package libgdk-pixbuf2.0-common.
#10 9.482 Preparing to unpack .../060-libgdk-pixbuf2.0-common_2.42.12+dfsg-4+deb13u1_all.deb ...
#10 9.485 Unpacking libgdk-pixbuf2.0-common (2.42.12+dfsg-4+deb13u1) ...
#10 9.527 Selecting previously unselected package shared-mime-info.
#10 9.532 Preparing to unpack .../061-shared-mime-info_2.4-5+b2_amd64.deb ...
#10 9.535 Unpacking shared-mime-info (2.4-5+b2) ...
#10 9.598 Selecting previously unselected package libgdk-pixbuf-2.0-0:amd64.
#10 9.600 Preparing to unpack .../062-libgdk-pixbuf-2.0-0_2.42.12+dfsg-4+deb13u1_amd64.deb ...
#10 9.602 Unpacking libgdk-pixbuf-2.0-0:amd64 (2.42.12+dfsg-4+deb13u1) ...
#10 9.642 Selecting previously unselected package fontconfig.
#10 9.645 Preparing to unpack .../063-fontconfig_2.15.0-2.3_amd64.deb ...
#10 9.650 Unpacking fontconfig (2.15.0-2.3) ...
#10 9.680 Selecting previously unselected package libfribidi0:amd64.
#10 9.682 Preparing to unpack .../064-libfribidi0_1.0.16-1_amd64.deb ...
#10 9.685 Unpacking libfribidi0:amd64 (1.0.16-1) ...
#10 9.717 Selecting previously unselected package libgraphite2-3:amd64.
#10 9.719 Preparing to unpack .../065-libgraphite2-3_1.3.14-2+deb13u1_amd64.deb ...
#10 9.721 Unpacking libgraphite2-3:amd64 (1.3.14-2+deb13u1) ...
#10 9.753 Selecting previously unselected package libharfbuzz0b:amd64.
#10 9.757 Preparing to unpack .../066-libharfbuzz0b_10.2.0-1+deb13u1_amd64.deb ...
#10 9.761 Unpacking libharfbuzz0b:amd64 (10.2.0-1+deb13u1) ...
#10 9.809 Selecting previously unselected package libthai-data.
#10 9.812 Preparing to unpack .../067-libthai-data_0.1.29-2_all.deb ...
#10 9.814 Unpacking libthai-data (0.1.29-2) ...
#10 9.846 Selecting previously unselected package libdatrie1:amd64.
#10 9.849 Preparing to unpack .../068-libdatrie1_0.2.13-3+b1_amd64.deb ...
#10 9.851 Unpacking libdatrie1:amd64 (0.2.13-3+b1) ...
#10 9.876 Selecting previously unselected package libthai0:amd64.
#10 9.880 Preparing to unpack .../069-libthai0_0.1.29-2+b1_amd64.deb ...
#10 9.882 Unpacking libthai0:amd64 (0.1.29-2+b1) ...
#10 9.912 Selecting previously unselected package libpango-1.0-0:amd64.
#10 9.915 Preparing to unpack .../070-libpango-1.0-0_1.56.3-1_amd64.deb ...
#10 9.916 Unpacking libpango-1.0-0:amd64 (1.56.3-1) ...
#10 9.961 Selecting previously unselected package libpangoft2-1.0-0:amd64.
#10 9.961 Preparing to unpack .../071-libpangoft2-1.0-0_1.56.3-1_amd64.deb ...
#10 9.962 Unpacking libpangoft2-1.0-0:amd64 (1.56.3-1) ...
#10 9.992 Selecting previously unselected package libpangocairo-1.0-0:amd64.
#10 9.994 Preparing to unpack .../072-libpangocairo-1.0-0_1.56.3-1_amd64.deb ...
#10 9.996 Unpacking libpangocairo-1.0-0:amd64 (1.56.3-1) ...
#10 10.03 Selecting previously unselected package librsvg2-2:amd64.
#10 10.03 Preparing to unpack .../073-librsvg2-2_2.60.0+dfsg-1_amd64.deb ...
#10 10.04 Unpacking librsvg2-2:amd64 (2.60.0+dfsg-1) ...
#10 10.15 Selecting previously unselected package libshine3:amd64.
#10 10.15 Preparing to unpack .../074-libshine3_3.1.1-2+b2_amd64.deb ...
#10 10.16 Unpacking libshine3:amd64 (3.1.1-2+b2) ...
#10 10.18 Selecting previously unselected package libsnappy1v5:amd64.
#10 10.19 Preparing to unpack .../075-libsnappy1v5_1.2.2-1_amd64.deb ...
#10 10.19 Unpacking libsnappy1v5:amd64 (1.2.2-1) ...
#10 10.23 Selecting previously unselected package libspeex1:amd64.
#10 10.23 Preparing to unpack .../076-libspeex1_1.2.1-3_amd64.deb ...
#10 10.24 Unpacking libspeex1:amd64 (1.2.1-3) ...
#10 10.27 Selecting previously unselected package libsvtav1enc2:amd64.
#10 10.27 Preparing to unpack .../077-libsvtav1enc2_2.3.0+dfsg-1_amd64.deb ...
#10 10.27 Unpacking libsvtav1enc2:amd64 (2.3.0+dfsg-1) ...
#10 10.39 Selecting previously unselected package libsoxr0:amd64.
#10 10.40 Preparing to unpack .../078-libsoxr0_0.1.3-4+b2_amd64.deb ...
#10 10.40 Unpacking libsoxr0:amd64 (0.1.3-4+b2) ...
#10 10.43 Selecting previously unselected package libswresample5:amd64.
#10 10.43 Preparing to unpack .../079-libswresample5_7%3a7.1.5-0+deb13u1_amd64.deb ...
#10 10.43 Unpacking libswresample5:amd64 (7:7.1.5-0+deb13u1) ...
#10 10.46 Selecting previously unselected package libtheoradec1:amd64.
#10 10.47 Preparing to unpack .../080-libtheoradec1_1.2.0~alpha1+dfsg-6_amd64.deb ...
#10 10.47 Unpacking libtheoradec1:amd64 (1.2.0~alpha1+dfsg-6) ...
#10 10.50 Selecting previously unselected package libogg0:amd64.
#10 10.50 Preparing to unpack .../081-libogg0_1.3.5-3+b2_amd64.deb ...
#10 10.50 Unpacking libogg0:amd64 (1.3.5-3+b2) ...
#10 10.53 Selecting previously unselected package libtheoraenc1:amd64.
#10 10.53 Preparing to unpack .../082-libtheoraenc1_1.2.0~alpha1+dfsg-6_amd64.deb ...
#10 10.53 Unpacking libtheoraenc1:amd64 (1.2.0~alpha1+dfsg-6) ...
#10 10.56 Selecting previously unselected package libtwolame0:amd64.
#10 10.56 Preparing to unpack .../083-libtwolame0_0.4.0-2+b2_amd64.deb ...
#10 10.56 Unpacking libtwolame0:amd64 (0.4.0-2+b2) ...
#10 10.61 Selecting previously unselected package libvorbis0a:amd64.
#10 10.62 Preparing to unpack .../084-libvorbis0a_1.3.7-3_amd64.deb ...
#10 10.62 Unpacking libvorbis0a:amd64 (1.3.7-3) ...
#10 10.64 Selecting previously unselected package libvorbisenc2:amd64.
#10 10.65 Preparing to unpack .../085-libvorbisenc2_1.3.7-3_amd64.deb ...
#10 10.65 Unpacking libvorbisenc2:amd64 (1.3.7-3) ...
#10 10.68 Selecting previously unselected package libvpx9:amd64.
#10 10.68 Preparing to unpack .../086-libvpx9_1.15.0-2.1+deb13u1_amd64.deb ...
#10 10.68 Unpacking libvpx9:amd64 (1.15.0-2.1+deb13u1) ...
#10 10.75 Selecting previously unselected package libx264-164:amd64.
#10 10.76 Preparing to unpack .../087-libx264-164_2%3a0.164.3108+git31e19f9-2+b1_amd64.deb ...
#10 10.76 Unpacking libx264-164:amd64 (2:0.164.3108+git31e19f9-2+b1) ...
#10 10.82 Selecting previously unselected package libnuma1:amd64.
#10 10.82 Preparing to unpack .../088-libnuma1_2.0.19-1_amd64.deb ...
#10 10.83 Unpacking libnuma1:amd64 (2.0.19-1) ...
#10 10.87 Selecting previously unselected package libx265-215:amd64.
#10 10.88 Preparing to unpack .../089-libx265-215_4.1-2_amd64.deb ...
#10 10.88 Unpacking libx265-215:amd64 (4.1-2) ...
#10 10.98 Selecting previously unselected package libxvidcore4:amd64.
#10 10.98 Preparing to unpack .../090-libxvidcore4_2%3a1.3.7-1+b2_amd64.deb ...
#10 10.99 Unpacking libxvidcore4:amd64 (2:1.3.7-1+b2) ...
#10 11.02 Selecting previously unselected package libzvbi-common.
#10 11.03 Preparing to unpack .../091-libzvbi-common_0.2.44-1_all.deb ...
#10 11.03 Unpacking libzvbi-common (0.2.44-1) ...
#10 11.06 Selecting previously unselected package libzvbi0t64:amd64.
#10 11.07 Preparing to unpack .../092-libzvbi0t64_0.2.44-1_amd64.deb ...
#10 11.07 Unpacking libzvbi0t64:amd64 (0.2.44-1) ...
#10 11.10 Selecting previously unselected package libavcodec61:amd64.
#10 11.10 Preparing to unpack .../093-libavcodec61_7%3a7.1.5-0+deb13u1_amd64.deb ...
#10 11.11 Unpacking libavcodec61:amd64 (7:7.1.5-0+deb13u1) ...
#10 11.37 Selecting previously unselected package libasound2-data.
#10 11.38 Preparing to unpack .../094-libasound2-data_1.2.14-1+deb13u1_all.deb ...
#10 11.38 Unpacking libasound2-data (1.2.14-1+deb13u1) ...
#10 11.43 Selecting previously unselected package libasound2t64:amd64.
#10 11.43 Preparing to unpack .../095-libasound2t64_1.2.14-1+deb13u1_amd64.deb ...
#10 11.43 Unpacking libasound2t64:amd64 (1.2.14-1+deb13u1) ...
#10 11.48 Selecting previously unselected package libraw1394-11:amd64.
#10 11.48 Preparing to unpack .../096-libraw1394-11_2.1.2-2+b2_amd64.deb ...
#10 11.48 Unpacking libraw1394-11:amd64 (2.1.2-2+b2) ...
#10 11.51 Selecting previously unselected package libavc1394-0:amd64.
#10 11.52 Preparing to unpack .../097-libavc1394-0_0.5.4-5+b2_amd64.deb ...
#10 11.52 Unpacking libavc1394-0:amd64 (0.5.4-5+b2) ...
#10 11.54 Selecting previously unselected package libunibreak6:amd64.
#10 11.55 Preparing to unpack .../098-libunibreak6_6.1-3_amd64.deb ...
#10 11.55 Unpacking libunibreak6:amd64 (6.1-3) ...
#10 11.58 Selecting previously unselected package libass9:amd64.
#10 11.58 Preparing to unpack .../099-libass9_1%3a0.17.3-1+deb13u1_amd64.deb ...
#10 11.58 Unpacking libass9:amd64 (1:0.17.3-1+deb13u1) ...
#10 11.62 Selecting previously unselected package libudfread0:amd64.
#10 11.62 Preparing to unpack .../100-libudfread0_1.1.2-1+b2_amd64.deb ...
#10 11.62 Unpacking libudfread0:amd64 (1.1.2-1+b2) ...
#10 11.65 Selecting previously unselected package libbluray2:amd64.
#10 11.65 Preparing to unpack .../101-libbluray2_1%3a1.3.4-1+b2_amd64.deb ...
#10 11.65 Unpacking libbluray2:amd64 (1:1.3.4-1+b2) ...
#10 11.69 Selecting previously unselected package libchromaprint1:amd64.
#10 11.70 Preparing to unpack .../102-libchromaprint1_1.5.1-7_amd64.deb ...
#10 11.70 Unpacking libchromaprint1:amd64 (1.5.1-7) ...
#10 11.73 Selecting previously unselected package libdvdread8t64:amd64.
#10 11.74 Preparing to unpack .../103-libdvdread8t64_6.1.3-2_amd64.deb ...
#10 11.74 Unpacking libdvdread8t64:amd64 (6.1.3-2) ...
#10 11.76 Selecting previously unselected package libdvdnav4:amd64.
#10 11.77 Preparing to unpack .../104-libdvdnav4_6.1.1-3+b1_amd64.deb ...
#10 11.77 Unpacking libdvdnav4:amd64 (6.1.1-3+b1) ...
#10 11.80 Selecting previously unselected package libgme0:amd64.
#10 11.81 Preparing to unpack .../105-libgme0_0.6.3-7+b2_amd64.deb ...
#10 11.81 Unpacking libgme0:amd64 (0.6.3-7+b2) ...
#10 11.85 Selecting previously unselected package libmpg123-0t64:amd64.
#10 11.85 Preparing to unpack .../106-libmpg123-0t64_1.32.10-1+deb13u1_amd64.deb ...
#10 11.85 Unpacking libmpg123-0t64:amd64 (1.32.10-1+deb13u1) ...
#10 11.88 Selecting previously unselected package libvorbisfile3:amd64.
#10 11.88 Preparing to unpack .../107-libvorbisfile3_1.3.7-3_amd64.deb ...
#10 11.88 Unpacking libvorbisfile3:amd64 (1.3.7-3) ...
#10 11.90 Selecting previously unselected package libopenmpt0t64:amd64.
#10 11.91 Preparing to unpack .../108-libopenmpt0t64_0.7.13-1+b1_amd64.deb ...
#10 11.91 Unpacking libopenmpt0t64:amd64 (0.7.13-1+b1) ...
#10 11.96 Selecting previously unselected package librabbitmq4:amd64.
#10 11.97 Preparing to unpack .../109-librabbitmq4_0.15.0-1+deb13u2_amd64.deb ...
#10 11.97 Unpacking librabbitmq4:amd64 (0.15.0-1+deb13u2) ...
#10 12.01 Selecting previously unselected package libcjson1:amd64.
#10 12.01 Preparing to unpack .../110-libcjson1_1.7.18-3.1+deb13u1_amd64.deb ...
#10 12.02 Unpacking libcjson1:amd64 (1.7.18-3.1+deb13u1) ...
#10 12.05 Selecting previously unselected package libmbedcrypto16:amd64.
#10 12.05 Preparing to unpack .../111-libmbedcrypto16_3.6.6-0.1~deb13u1_amd64.deb ...
#10 12.05 Unpacking libmbedcrypto16:amd64 (3.6.6-0.1~deb13u1) ...
#10 12.10 Selecting previously unselected package librist4:amd64.
#10 12.10 Preparing to unpack .../112-librist4_0.2.11+dfsg-1_amd64.deb ...
#10 12.11 Unpacking librist4:amd64 (0.2.11+dfsg-1) ...
#10 12.15 Selecting previously unselected package libsrt1.5-gnutls:amd64.
#10 12.15 Preparing to unpack .../113-libsrt1.5-gnutls_1.5.4-1+deb13u1_amd64.deb ...
#10 12.15 Unpacking libsrt1.5-gnutls:amd64 (1.5.4-1+deb13u1) ...
#10 12.20 Selecting previously unselected package libssh-4:amd64.
#10 12.20 Preparing to unpack .../114-libssh-4_0.11.5-0+deb13u1_amd64.deb ...
#10 12.20 Unpacking libssh-4:amd64 (0.11.5-0+deb13u1) ...
#10 12.25 Selecting previously unselected package libnorm1t64:amd64.
#10 12.25 Preparing to unpack .../115-libnorm1t64_1.5.9+dfsg-3.1+b2_amd64.deb ...
#10 12.25 Unpacking libnorm1t64:amd64 (1.5.9+dfsg-3.1+b2) ...
#10 12.29 Selecting previously unselected package libpgm-5.3-0t64:amd64.
#10 12.29 Preparing to unpack .../116-libpgm-5.3-0t64_5.3.128~dfsg-2.1+b1_amd64.deb ...
#10 12.30 Unpacking libpgm-5.3-0t64:amd64 (5.3.128~dfsg-2.1+b1) ...
#10 12.35 Selecting previously unselected package libsodium23:amd64.
#10 12.35 Preparing to unpack .../117-libsodium23_1.0.18-1+deb13u1_amd64.deb ...
#10 12.35 Unpacking libsodium23:amd64 (1.0.18-1+deb13u1) ...
#10 12.39 Selecting previously unselected package libzmq5:amd64.
#10 12.39 Preparing to unpack .../118-libzmq5_4.3.5-1+b3_amd64.deb ...
#10 12.39 Unpacking libzmq5:amd64 (4.3.5-1+b3) ...
#10 12.45 Selecting previously unselected package libavformat61:amd64.
#10 12.46 Preparing to unpack .../119-libavformat61_7%3a7.1.5-0+deb13u1_amd64.deb ...
#10 12.46 Unpacking libavformat61:amd64 (7:7.1.5-0+deb13u1) ...
#10 12.54 Selecting previously unselected package libbs2b0:amd64.
#10 12.54 Preparing to unpack .../120-libbs2b0_3.1.0+dfsg-8+b1_amd64.deb ...
#10 12.55 Unpacking libbs2b0:amd64 (3.1.0+dfsg-8+b1) ...
#10 12.58 Selecting previously unselected package libflite1:amd64.
#10 12.59 Preparing to unpack .../121-libflite1_2.2-7_amd64.deb ...
#10 12.59 Unpacking libflite1:amd64 (2.2-7) ...
#10 12.98 Selecting previously unselected package libserd-0-0:amd64.
#10 12.98 Preparing to unpack .../122-libserd-0-0_0.32.4-1_amd64.deb ...
#10 12.98 Unpacking libserd-0-0:amd64 (0.32.4-1) ...
#10 13.04 Selecting previously unselected package libzix-0-0:amd64.
#10 13.04 Preparing to unpack .../123-libzix-0-0_0.6.2-1_amd64.deb ...
#10 13.04 Unpacking libzix-0-0:amd64 (0.6.2-1) ...
#10 13.09 Selecting previously unselected package libsord-0-0:amd64.
#10 13.10 Preparing to unpack .../124-libsord-0-0_0.16.18-1_amd64.deb ...
#10 13.10 Unpacking libsord-0-0:amd64 (0.16.18-1) ...
#10 13.14 Selecting previously unselected package libsratom-0-0:amd64.
#10 13.14 Preparing to unpack .../125-libsratom-0-0_0.6.18-1_amd64.deb ...
#10 13.14 Unpacking libsratom-0-0:amd64 (0.6.18-1) ...
#10 13.17 Selecting previously unselected package liblilv-0-0:amd64.
#10 13.17 Preparing to unpack .../126-liblilv-0-0_0.24.26-1_amd64.deb ...
#10 13.17 Unpacking liblilv-0-0:amd64 (0.24.26-1) ...
#10 13.20 Selecting previously unselected package libmysofa1:amd64.
#10 13.20 Preparing to unpack .../127-libmysofa1_1.3.3+dfsg-1_amd64.deb ...
#10 13.20 Unpacking libmysofa1:amd64 (1.3.3+dfsg-1) ...
#10 13.26 Selecting previously unselected package libvulkan1:amd64.
#10 13.26 Preparing to unpack .../128-libvulkan1_1.4.309.0-1_amd64.deb ...
#10 13.26 Unpacking libvulkan1:amd64 (1.4.309.0-1) ...
#10 13.30 Selecting previously unselected package libplacebo349:amd64.
#10 13.30 Preparing to unpack .../129-libplacebo349_7.349.0-3_amd64.deb ...
#10 13.30 Unpacking libplacebo349:amd64 (7.349.0-3) ...
#10 13.45 Selecting previously unselected package libblas3:amd64.
#10 13.45 Preparing to unpack .../130-libblas3_3.12.1-6_amd64.deb ...
#10 13.46 Unpacking libblas3:amd64 (3.12.1-6) ...
#10 13.52 Selecting previously unselected package libgfortran5:amd64.
#10 13.52 Preparing to unpack .../131-libgfortran5_14.2.0-19_amd64.deb ...
#10 13.52 Unpacking libgfortran5:amd64 (14.2.0-19) ...
#10 13.60 Selecting previously unselected package liblapack3:amd64.
#10 13.60 Preparing to unpack .../132-liblapack3_3.12.1-6_amd64.deb ...
#10 13.61 Unpacking liblapack3:amd64 (3.12.1-6) ...
#10 13.74 Selecting previously unselected package libasyncns0:amd64.
#10 13.74 Preparing to unpack .../133-libasyncns0_0.8-6+b5_amd64.deb ...
#10 13.74 Unpacking libasyncns0:amd64 (0.8-6+b5) ...
#10 13.77 Selecting previously unselected package libdbus-1-3:amd64.
#10 13.77 Preparing to unpack .../134-libdbus-1-3_1.16.2-2_amd64.deb ...
#10 13.78 Unpacking libdbus-1-3:amd64 (1.16.2-2) ...
#10 13.83 Selecting previously unselected package libflac14:amd64.
#10 13.83 Preparing to unpack .../135-libflac14_1.5.0+ds-2_amd64.deb ...
#10 13.83 Unpacking libflac14:amd64 (1.5.0+ds-2) ...
#10 13.87 Selecting previously unselected package libsndfile1:amd64.
#10 13.87 Preparing to unpack .../136-libsndfile1_1.2.2-2+deb13u1_amd64.deb ...
#10 13.88 Unpacking libsndfile1:amd64 (1.2.2-2+deb13u1) ...
#10 13.91 Selecting previously unselected package libpulse0:amd64.
#10 13.91 Preparing to unpack .../137-libpulse0_17.0+dfsg1-2+b1_amd64.deb ...
#10 13.91 Unpacking libpulse0:amd64 (17.0+dfsg1-2+b1) ...
#10 13.96 Selecting previously unselected package libsphinxbase3t64:amd64.
#10 13.96 Preparing to unpack .../138-libsphinxbase3t64_0.8+5prealpha+1-21+b1_amd64.deb ...
#10 13.96 Unpacking libsphinxbase3t64:amd64 (0.8+5prealpha+1-21+b1) ...
#10 14.00 Selecting previously unselected package libpocketsphinx3:amd64.
#10 14.00 Preparing to unpack .../139-libpocketsphinx3_0.8+5prealpha+1-15+b4_amd64.deb ...
#10 14.00 Unpacking libpocketsphinx3:amd64 (0.8+5prealpha+1-15+b4) ...
#10 14.04 Selecting previously unselected package libpostproc58:amd64.
#10 14.04 Preparing to unpack .../140-libpostproc58_7%3a7.1.5-0+deb13u1_amd64.deb ...
#10 14.05 Unpacking libpostproc58:amd64 (7:7.1.5-0+deb13u1) ...
#10 14.08 Selecting previously unselected package libsamplerate0:amd64.
#10 14.09 Preparing to unpack .../141-libsamplerate0_0.2.2-4+b2_amd64.deb ...
#10 14.09 Unpacking libsamplerate0:amd64 (0.2.2-4+b2) ...
#10 14.15 Selecting previously unselected package librubberband2:amd64.
#10 14.16 Preparing to unpack .../142-librubberband2_3.3.0+dfsg-2+b3_amd64.deb ...
#10 14.16 Unpacking librubberband2:amd64 (3.3.0+dfsg-2+b3) ...
#10 14.19 Selecting previously unselected package libswscale8:amd64.
#10 14.20 Preparing to unpack .../143-libswscale8_7%3a7.1.5-0+deb13u1_amd64.deb ...
#10 14.20 Unpacking libswscale8:amd64 (7:7.1.5-0+deb13u1) ...
#10 14.24 Selecting previously unselected package libvidstab1.1:amd64.
#10 14.24 Preparing to unpack .../144-libvidstab1.1_1.1.0-2+b2_amd64.deb ...
#10 14.24 Unpacking libvidstab1.1:amd64 (1.1.0-2+b2) ...
#10 14.28 Selecting previously unselected package libzimg2:amd64.
#10 14.28 Preparing to unpack .../145-libzimg2_3.0.5+ds1-1+b2_amd64.deb ...
#10 14.28 Unpacking libzimg2:amd64 (3.0.5+ds1-1+b2) ...
#10 14.31 Selecting previously unselected package libavfilter10:amd64.
#10 14.32 Preparing to unpack .../146-libavfilter10_7%3a7.1.5-0+deb13u1_amd64.deb ...
#10 14.32 Unpacking libavfilter10:amd64 (7:7.1.5-0+deb13u1) ...
#10 14.52 Selecting previously unselected package libncursesw6:amd64.
#10 14.52 Preparing to unpack .../147-libncursesw6_6.5+20250216-2_amd64.deb ...
#10 14.53 Unpacking libncursesw6:amd64 (6.5+20250216-2) ...
#10 14.56 Selecting previously unselected package libslang2:amd64.
#10 14.56 Preparing to unpack .../148-libslang2_2.3.3-5+b2_amd64.deb ...
#10 14.57 Unpacking libslang2:amd64 (2.3.3-5+b2) ...
#10 14.61 Selecting previously unselected package libcaca0:amd64.
#10 14.61 Preparing to unpack .../149-libcaca0_0.99.beta20-5+deb13u1_amd64.deb ...
#10 14.62 Unpacking libcaca0:amd64 (0.99.beta20-5+deb13u1) ...
#10 14.65 Selecting previously unselected package libcdio19t64:amd64.
#10 14.65 Preparing to unpack .../150-libcdio19t64_2.2.0-4.1~deb13u1_amd64.deb ...
#10 14.65 Unpacking libcdio19t64:amd64 (2.2.0-4.1~deb13u1) ...
#10 14.68 Selecting previously unselected package libcdio-cdda2t64:amd64.
#10 14.68 Preparing to unpack .../151-libcdio-cdda2t64_10.2+2.0.2-1+b1_amd64.deb ...
#10 14.68 Unpacking libcdio-cdda2t64:amd64 (10.2+2.0.2-1+b1) ...
#10 14.71 Selecting previously unselected package libcdio-paranoia2t64:amd64.
#10 14.72 Preparing to unpack .../152-libcdio-paranoia2t64_10.2+2.0.2-1+b1_amd64.deb ...
#10 14.72 Unpacking libcdio-paranoia2t64:amd64 (10.2+2.0.2-1+b1) ...
#10 14.74 Selecting previously unselected package libusb-1.0-0:amd64.
#10 14.75 Preparing to unpack .../153-libusb-1.0-0_2%3a1.0.28-1_amd64.deb ...
#10 14.76 Unpacking libusb-1.0-0:amd64 (2:1.0.28-1) ...
#10 14.80 Selecting previously unselected package libdc1394-25:amd64.
#10 14.80 Preparing to unpack .../154-libdc1394-25_2.2.6-5_amd64.deb ...
#10 14.80 Unpacking libdc1394-25:amd64 (2.2.6-5) ...
#10 14.83 Selecting previously unselected package libglvnd0:amd64.
#10 14.83 Preparing to unpack .../155-libglvnd0_1.7.0-1+b2_amd64.deb ...
#10 14.83 Unpacking libglvnd0:amd64 (1.7.0-1+b2) ...
#10 14.87 Selecting previously unselected package libxcb-glx0:amd64.
#10 14.88 Preparing to unpack .../156-libxcb-glx0_1.17.0-2+b1_amd64.deb ...
#10 14.88 Unpacking libxcb-glx0:amd64 (1.17.0-2+b1) ...
#10 14.91 Selecting previously unselected package libxcb-present0:amd64.
#10 14.92 Preparing to unpack .../157-libxcb-present0_1.17.0-2+b1_amd64.deb ...
#10 14.92 Unpacking libxcb-present0:amd64 (1.17.0-2+b1) ...
#10 14.95 Selecting previously unselected package libxcb-xfixes0:amd64.
#10 14.95 Preparing to unpack .../158-libxcb-xfixes0_1.17.0-2+b1_amd64.deb ...
#10 14.96 Unpacking libxcb-xfixes0:amd64 (1.17.0-2+b1) ...
#10 14.98 Selecting previously unselected package libxxf86vm1:amd64.
#10 14.98 Preparing to unpack .../159-libxxf86vm1_1%3a1.1.4-1+b4_amd64.deb ...
#10 14.99 Unpacking libxxf86vm1:amd64 (1:1.1.4-1+b4) ...
#10 15.01 Selecting previously unselected package libdrm-amdgpu1:amd64.
#10 15.02 Preparing to unpack .../160-libdrm-amdgpu1_2.4.124-2_amd64.deb ...
#10 15.02 Unpacking libdrm-amdgpu1:amd64 (2.4.124-2) ...
#10 15.04 Selecting previously unselected package libpciaccess0:amd64.
#10 15.05 Preparing to unpack .../161-libpciaccess0_0.17-3+b3_amd64.deb ...
#10 15.05 Unpacking libpciaccess0:amd64 (0.17-3+b3) ...
#10 15.08 Selecting previously unselected package libdrm-intel1:amd64.
#10 15.08 Preparing to unpack .../162-libdrm-intel1_2.4.124-2_amd64.deb ...
#10 15.08 Unpacking libdrm-intel1:amd64 (2.4.124-2) ...
#10 15.11 Selecting previously unselected package libelf1t64:amd64.
#10 15.12 Preparing to unpack .../163-libelf1t64_0.192-4_amd64.deb ...
#10 15.12 Unpacking libelf1t64:amd64 (0.192-4) ...
#10 15.16 Selecting previously unselected package libedit2:amd64.
#10 15.16 Preparing to unpack .../164-libedit2_3.1-20250104-1_amd64.deb ...
#10 15.17 Unpacking libedit2:amd64 (3.1-20250104-1) ...
#10 15.23 Selecting previously unselected package libz3-4:amd64.
#10 15.23 Preparing to unpack .../165-libz3-4_4.13.3-1_amd64.deb ...
#10 15.23 Unpacking libz3-4:amd64 (4.13.3-1) ...
#10 15.58 Selecting previously unselected package libllvm19:amd64.
#10 15.58 Preparing to unpack .../166-libllvm19_1%3a19.1.7-3+b1_amd64.deb ...
#10 15.59 Unpacking libllvm19:amd64 (1:19.1.7-3+b1) ...
#10 16.13 Selecting previously unselected package libsensors-config.
#10 16.14 Preparing to unpack .../167-libsensors-config_1%3a3.6.2-2_all.deb ...
#10 16.16 Unpacking libsensors-config (1:3.6.2-2) ...
#10 16.19 Selecting previously unselected package libsensors5:amd64.
#10 16.20 Preparing to unpack .../168-libsensors5_1%3a3.6.2-2_amd64.deb ...
#10 16.20 Unpacking libsensors5:amd64 (1:3.6.2-2) ...
#10 16.24 Selecting previously unselected package libxcb-randr0:amd64.
#10 16.24 Preparing to unpack .../169-libxcb-randr0_1.17.0-2+b1_amd64.deb ...
#10 16.24 Unpacking libxcb-randr0:amd64 (1.17.0-2+b1) ...
#10 16.27 Selecting previously unselected package libxcb-sync1:amd64.
#10 16.28 Preparing to unpack .../170-libxcb-sync1_1.17.0-2+b1_amd64.deb ...
#10 16.28 Unpacking libxcb-sync1:amd64 (1.17.0-2+b1) ...
#10 16.30 Selecting previously unselected package libxshmfence1:amd64.
#10 16.31 Preparing to unpack .../171-libxshmfence1_1.3.3-1_amd64.deb ...
#10 16.31 Unpacking libxshmfence1:amd64 (1.3.3-1) ...
#10 16.34 Selecting previously unselected package mesa-libgallium:amd64.
#10 16.34 Preparing to unpack .../172-mesa-libgallium_25.0.7-2+deb13u1_amd64.deb ...
#10 16.35 Unpacking mesa-libgallium:amd64 (25.0.7-2+deb13u1) ...
#10 16.71 Selecting previously unselected package libwayland-server0:amd64.
#10 16.71 Preparing to unpack .../173-libwayland-server0_1.23.1-3_amd64.deb ...
#10 16.71 Unpacking libwayland-server0:amd64 (1.23.1-3) ...
#10 16.74 Selecting previously unselected package libgbm1:amd64.
#10 16.75 Preparing to unpack .../174-libgbm1_25.0.7-2+deb13u1_amd64.deb ...
#10 16.76 Unpacking libgbm1:amd64 (25.0.7-2+deb13u1) ...
#10 16.79 Selecting previously unselected package libgl1-mesa-dri:amd64.
#10 16.80 Preparing to unpack .../175-libgl1-mesa-dri_25.0.7-2+deb13u1_amd64.deb ...
#10 16.81 Unpacking libgl1-mesa-dri:amd64 (25.0.7-2+deb13u1) ...
#10 16.84 Selecting previously unselected package libglx-mesa0:amd64.
#10 16.84 Preparing to unpack .../176-libglx-mesa0_25.0.7-2+deb13u1_amd64.deb ...
#10 16.84 Unpacking libglx-mesa0:amd64 (25.0.7-2+deb13u1) ...
#10 16.89 Selecting previously unselected package libglx0:amd64.
#10 16.89 Preparing to unpack .../177-libglx0_1.7.0-1+b2_amd64.deb ...
#10 16.89 Unpacking libglx0:amd64 (1.7.0-1+b2) ...
#10 16.92 Selecting previously unselected package libgl1:amd64.
#10 16.93 Preparing to unpack .../178-libgl1_1.7.0-1+b2_amd64.deb ...
#10 16.93 Unpacking libgl1:amd64 (1.7.0-1+b2) ...
#10 16.96 Selecting previously unselected package libiec61883-0:amd64.
#10 16.97 Preparing to unpack .../179-libiec61883-0_1.2.0-7_amd64.deb ...
#10 16.98 Unpacking libiec61883-0:amd64 (1.2.0-7) ...
#10 17.00 Selecting previously unselected package libjack-jackd2-0:amd64.
#10 17.01 Preparing to unpack .../180-libjack-jackd2-0_1.9.22~dfsg-4_amd64.deb ...
#10 17.01 Unpacking libjack-jackd2-0:amd64 (1.9.22~dfsg-4) ...
#10 17.06 Selecting previously unselected package libopenal-data.
#10 17.06 Preparing to unpack .../181-libopenal-data_1%3a1.24.2-1_all.deb ...
#10 17.06 Unpacking libopenal-data (1:1.24.2-1) ...
#10 17.09 Selecting previously unselected package libopenal1:amd64.
#10 17.09 Preparing to unpack .../182-libopenal1_1%3a1.24.2-1_amd64.deb ...
#10 17.09 Unpacking libopenal1:amd64 (1:1.24.2-1) ...
#10 17.19 Selecting previously unselected package libwayland-client0:amd64.
#10 17.20 Preparing to unpack .../183-libwayland-client0_1.23.1-3_amd64.deb ...
#10 17.22 Unpacking libwayland-client0:amd64 (1.23.1-3) ...
#10 17.28 Selecting previously unselected package libdecor-0-0:amd64.
#10 17.29 Preparing to unpack .../184-libdecor-0-0_0.2.2-2_amd64.deb ...
#10 17.30 Unpacking libdecor-0-0:amd64 (0.2.2-2) ...
#10 17.33 Selecting previously unselected package libwayland-cursor0:amd64.
#10 17.33 Preparing to unpack .../185-libwayland-cursor0_1.23.1-3_amd64.deb ...
#10 17.34 Unpacking libwayland-cursor0:amd64 (1.23.1-3) ...
#10 17.40 Selecting previously unselected package libwayland-egl1:amd64.
#10 17.40 Preparing to unpack .../186-libwayland-egl1_1.23.1-3_amd64.deb ...
#10 17.40 Unpacking libwayland-egl1:amd64 (1.23.1-3) ...
#10 17.45 Selecting previously unselected package libxcursor1:amd64.
#10 17.45 Preparing to unpack .../187-libxcursor1_1%3a1.2.3-1_amd64.deb ...
#10 17.46 Unpacking libxcursor1:amd64 (1:1.2.3-1) ...
#10 17.52 Selecting previously unselected package libxi6:amd64.
#10 17.53 Preparing to unpack .../188-libxi6_2%3a1.8.2-1_amd64.deb ...
#10 17.54 Unpacking libxi6:amd64 (2:1.8.2-1) ...
#10 17.62 Selecting previously unselected package xkb-data.
#10 17.63 Preparing to unpack .../189-xkb-data_2.42-1_all.deb ...
#10 17.63 Unpacking xkb-data (2.42-1) ...
#10 17.97 Selecting previously unselected package libxkbcommon0:amd64.
#10 17.99 Preparing to unpack .../190-libxkbcommon0_1.7.0-2_amd64.deb ...
#10 17.99 Unpacking libxkbcommon0:amd64 (1.7.0-2) ...
#10 18.02 Selecting previously unselected package libxrandr2:amd64.
#10 18.02 Preparing to unpack .../191-libxrandr2_2%3a1.5.4-1+b3_amd64.deb ...
#10 18.02 Unpacking libxrandr2:amd64 (2:1.5.4-1+b3) ...
#10 18.06 Selecting previously unselected package x11-common.
#10 18.06 Preparing to unpack .../192-x11-common_1%3a7.7+24+deb13u1_all.deb ...
#10 18.06 Unpacking x11-common (1:7.7+24+deb13u1) ...
#10 18.10 Selecting previously unselected package libxss1:amd64.
#10 18.11 Preparing to unpack .../193-libxss1_1%3a1.2.3-1+b3_amd64.deb ...
#10 18.11 Unpacking libxss1:amd64 (1:1.2.3-1+b3) ...
#10 18.15 Selecting previously unselected package libsdl2-2.0-0:amd64.
#10 18.15 Preparing to unpack .../194-libsdl2-2.0-0_2.32.4+dfsg-1_amd64.deb ...
#10 18.16 Unpacking libsdl2-2.0-0:amd64 (2.32.4+dfsg-1) ...
#10 18.22 Selecting previously unselected package libxcb-shape0:amd64.
#10 18.22 Preparing to unpack .../195-libxcb-shape0_1.17.0-2+b1_amd64.deb ...
#10 18.22 Unpacking libxcb-shape0:amd64 (1.17.0-2+b1) ...
#10 18.25 Selecting previously unselected package libxv1:amd64.
#10 18.26 Preparing to unpack .../196-libxv1_2%3a1.0.11-1.1+b3_amd64.deb ...
#10 18.26 Unpacking libxv1:amd64 (2:1.0.11-1.1+b3) ...
#10 18.29 Selecting previously unselected package libavdevice61:amd64.
#10 18.29 Preparing to unpack .../197-libavdevice61_7%3a7.1.5-0+deb13u1_amd64.deb ...
#10 18.31 Unpacking libavdevice61:amd64 (7:7.1.5-0+deb13u1) ...
#10 18.34 Selecting previously unselected package ffmpeg.
#10 18.35 Preparing to unpack .../198-ffmpeg_7%3a7.1.5-0+deb13u1_amd64.deb ...
#10 18.35 Unpacking ffmpeg (7:7.1.5-0+deb13u1) ...
#10 18.42 Selecting previously unselected package gnupg-l10n.
#10 18.43 Preparing to unpack .../199-gnupg-l10n_2.4.7-21+deb13u1_all.deb ...
#10 18.43 Unpacking gnupg-l10n (2.4.7-21+deb13u1) ...
#10 18.49 Selecting previously unselected package gpg.
#10 18.50 Preparing to unpack .../200-gpg_2.4.7-21+deb13u1+b5_amd64.deb ...
#10 18.50 Unpacking gpg (2.4.7-21+deb13u1+b5) ...
#10 18.55 Selecting previously unselected package pinentry-curses.
#10 18.55 Preparing to unpack .../201-pinentry-curses_1.3.1-2_amd64.deb ...
#10 18.56 Unpacking pinentry-curses (1.3.1-2) ...
#10 18.58 Selecting previously unselected package gpg-agent.
#10 18.59 Preparing to unpack .../202-gpg-agent_2.4.7-21+deb13u1+b5_amd64.deb ...
#10 18.59 Unpacking gpg-agent (2.4.7-21+deb13u1+b5) ...
#10 18.64 Selecting previously unselected package gpgsm.
#10 18.64 Preparing to unpack .../203-gpgsm_2.4.7-21+deb13u1+b5_amd64.deb ...
#10 18.65 Unpacking gpgsm (2.4.7-21+deb13u1+b5) ...
#10 18.69 Selecting previously unselected package gnupg.
#10 18.69 Preparing to unpack .../204-gnupg_2.4.7-21+deb13u1_all.deb ...
#10 18.69 Unpacking gnupg (2.4.7-21+deb13u1) ...
#10 18.73 Selecting previously unselected package libaec0:amd64.
#10 18.74 Preparing to unpack .../205-libaec0_1.1.3-1+b1_amd64.deb ...
#10 18.74 Unpacking libaec0:amd64 (1.1.3-1+b1) ...
#10 18.78 Selecting previously unselected package libarchive13t64:amd64.
#10 18.78 Preparing to unpack .../206-libarchive13t64_3.7.4-4+deb13u1_amd64.deb ...
#10 18.79 Unpacking libarchive13t64:amd64 (3.7.4-4+deb13u1) ...
#10 18.83 Selecting previously unselected package libngtcp2-16:amd64.
#10 18.84 Preparing to unpack .../207-libngtcp2-16_1.11.0-1+deb13u1_amd64.deb ...
#10 18.84 Unpacking libngtcp2-16:amd64 (1.11.0-1+deb13u1) ...
#10 18.86 Selecting previously unselected package libngtcp2-crypto-gnutls8:amd64.
#10 18.87 Preparing to unpack .../208-libngtcp2-crypto-gnutls8_1.11.0-1+deb13u1_amd64.deb ...
#10 18.87 Unpacking libngtcp2-crypto-gnutls8:amd64 (1.11.0-1+deb13u1) ...
#10 18.89 Selecting previously unselected package libcurl3t64-gnutls:amd64.
#10 18.90 Preparing to unpack .../209-libcurl3t64-gnutls_8.14.1-2+deb13u5_amd64.deb ...
#10 18.90 Unpacking libcurl3t64-gnutls:amd64 (8.14.1-2+deb13u5) ...
#10 18.93 Selecting previously unselected package libcfitsio10t64:amd64.
#10 18.94 Preparing to unpack .../210-libcfitsio10t64_4.6.2-2_amd64.deb ...
#10 18.94 Unpacking libcfitsio10t64:amd64 (4.6.2-2) ...
#10 18.98 Selecting previously unselected package libcgif0:amd64.
#10 18.99 Preparing to unpack .../211-libcgif0_0.5.0-1_amd64.deb ...
#10 18.99 Unpacking libcgif0:amd64 (0.5.0-1) ...
#10 19.02 Selecting previously unselected package libexif12:amd64.
#10 19.02 Preparing to unpack .../212-libexif12_0.6.25-1+deb13u1_amd64.deb ...
#10 19.03 Unpacking libexif12:amd64 (0.6.25-1+deb13u1) ...
#10 19.07 Selecting previously unselected package libgpgme11t64:amd64.
#10 19.07 Preparing to unpack .../213-libgpgme11t64_1.24.2-3_amd64.deb ...
#10 19.07 Unpacking libgpgme11t64:amd64 (1.24.2-3) ...
#10 19.10 Selecting previously unselected package libgpgmepp6t64:amd64.
#10 19.11 Preparing to unpack .../214-libgpgmepp6t64_1.24.2-3_amd64.deb ...
#10 19.11 Unpacking libgpgmepp6t64:amd64 (1.24.2-3) ...
#10 19.15 Selecting previously unselected package libsz2:amd64.
#10 19.15 Preparing to unpack .../215-libsz2_1.1.3-1+b1_amd64.deb ...
#10 19.15 Unpacking libsz2:amd64 (1.1.3-1+b1) ...
#10 19.18 Selecting previously unselected package libhdf5-310:amd64.
#10 19.19 Preparing to unpack .../216-libhdf5-310_1.14.5+repack-3_amd64.deb ...
#10 19.19 Unpacking libhdf5-310:amd64 (1.14.5+repack-3) ...
#10 19.27 Selecting previously unselected package libimagequant0:amd64.
#10 19.27 Preparing to unpack .../217-libimagequant0_2.18.0-1+b2_amd64.deb ...
#10 19.27 Unpacking libimagequant0:amd64 (2.18.0-1+b2) ...
#10 19.40 Selecting previously unselected package libimath-3-1-29t64:amd64.
#10 19.41 Preparing to unpack .../218-libimath-3-1-29t64_3.1.12-1+b3_amd64.deb ...
#10 19.41 Unpacking libimath-3-1-29t64:amd64 (3.1.12-1+b3) ...
#10 19.44 Selecting previously unselected package libmatio13:amd64.
#10 19.45 Preparing to unpack .../219-libmatio13_1.5.28-2_amd64.deb ...
#10 19.45 Unpacking libmatio13:amd64 (1.5.28-2) ...
#10 19.49 Selecting previously unselected package libnspr4:amd64.
#10 19.50 Preparing to unpack .../220-libnspr4_2%3a4.36-1_amd64.deb ...
#10 19.50 Unpacking libnspr4:amd64 (2:4.36-1) ...
#10 19.53 Selecting previously unselected package libnss3:amd64.
#10 19.54 Preparing to unpack .../221-libnss3_2%3a3.110-1+deb13u4_amd64.deb ...
#10 19.54 Unpacking libnss3:amd64 (2:3.110-1+deb13u4) ...
#10 19.63 Selecting previously unselected package libopenexr-3-1-30:amd64.
#10 19.64 Preparing to unpack .../222-libopenexr-3-1-30_3.1.13-2_amd64.deb ...
#10 19.64 Unpacking libopenexr-3-1-30:amd64 (3.1.13-2) ...
#10 19.73 Selecting previously unselected package libopenslide0.
#10 19.74 Preparing to unpack .../223-libopenslide0_3.4.1+dfsg-7+deb13u1_amd64.deb ...
#10 19.74 Unpacking libopenslide0 (3.4.1+dfsg-7+deb13u1) ...
#10 19.78 Selecting previously unselected package libpoppler147:amd64.
#10 19.79 Preparing to unpack .../224-libpoppler147_25.03.0-5+deb13u4_amd64.deb ...
#10 19.79 Unpacking libpoppler147:amd64 (25.03.0-5+deb13u4) ...
#10 19.90 Selecting previously unselected package libpoppler-glib8t64:amd64.
#10 19.90 Preparing to unpack .../225-libpoppler-glib8t64_25.03.0-5+deb13u4_amd64.deb ...
#10 19.90 Unpacking libpoppler-glib8t64:amd64 (25.03.0-5+deb13u4) ...
#10 19.95 Selecting previously unselected package libspng0:amd64.
#10 19.96 Preparing to unpack .../226-libspng0_0.7.4-2_amd64.deb ...
#10 19.96 Unpacking libspng0:amd64 (0.7.4-2) ...
#10 20.00 Selecting previously unselected package libvips42t64:amd64.
#10 20.01 Preparing to unpack .../227-libvips42t64_8.16.1-1+deb13u1_amd64.deb ...
#10 20.01 Unpacking libvips42t64:amd64 (8.16.1-1+deb13u1) ...
#10 20.09 Selecting previously unselected package redis.
#10 20.10 Preparing to unpack .../228-redis_5%3a8.0.2-3+deb13u3_all.deb ...
#10 20.10 Unpacking redis (5:8.0.2-3+deb13u3) ...
#10 20.16 Setting up libgme0:amd64 (0.6.3-7+b2) ...
#10 20.17 Setting up libchromaprint1:amd64 (1.5.1-7) ...
#10 20.20 Setting up libhwy1t64:amd64 (1.2.0-2+b2) ...
#10 20.21 Setting up libexpat1:amd64 (2.8.3-1~deb13u1) ...
#10 20.21 Setting up libgraphite2-3:amd64 (1.3.14-2+deb13u1) ...
#10 20.22 Setting up liblcms2-2:amd64 (2.16-2+deb13u2) ...
#10 20.23 Setting up libpixman-1-0:amd64 (0.44.0-3) ...
#10 20.24 Setting up libdvdread8t64:amd64 (6.1.3-2) ...
#10 20.24 Setting up libudfread0:amd64 (1.1.2-1+b2) ...
#10 20.25 Setting up libnorm1t64:amd64 (1.5.9+dfsg-3.1+b2) ...
#10 20.26 Setting up libsharpyuv0:amd64 (1.5.0-0.1) ...
#10 20.26 Setting up libwayland-server0:amd64 (1.23.1-3) ...
#10 20.27 Setting up libaom3:amd64 (3.12.1-1+deb13u1) ...
#10 20.28 Setting up libpciaccess0:amd64 (0.17-3+b3) ...
#10 20.28 Setting up librabbitmq4:amd64 (0.15.0-1+deb13u2) ...
#10 20.29 Setting up libxau6:amd64 (1:1.0.11-1) ...
#10 20.31 Setting up libxdmcp6:amd64 (1:1.1.5-1) ...
#10 20.32 Setting up libnpth0t64:amd64 (1.8-3) ...
#10 20.33 Setting up libraw1394-11:amd64 (2.1.2-2+b2) ...
#10 20.34 Setting up libkeyutils1:amd64 (1.6.3-6) ...
#10 20.35 Setting up libxcb1:amd64 (1.17.0-2+b1) ...
#10 20.36 Setting up libcgif0:amd64 (0.5.0-1) ...
#10 20.37 Setting up libsodium23:amd64 (1.0.18-1+deb13u1) ...
#10 20.37 Setting up libxcb-xfixes0:amd64 (1.17.0-2+b1) ...
#10 20.37 Setting up libogg0:amd64 (1.3.5-3+b2) ...
#10 20.39 Setting up liblerc4:amd64 (4.0.0+ds-5) ...
#10 20.39 Setting up libspeex1:amd64 (1.2.1-3) ...
#10 20.40 Setting up libshine3:amd64 (3.1.1-2+b2) ...
#10 20.41 Setting up libvpl2 (1:2.14.0-1+b1) ...
#10 20.41 Setting up libx264-164:amd64 (2:0.164.3108+git31e19f9-2+b1) ...
#10 20.42 Setting up libtwolame0:amd64 (0.4.0-2+b2) ...
#10 20.43 Setting up libgpg-error0:amd64 (1.51-4) ...
#10 20.46 Setting up libdatrie1:amd64 (0.2.13-3+b1) ...
#10 20.47 Setting up libgsm1:amd64 (1.0.22-1+b2) ...
#10 20.48 Setting up libxcb-render0:amd64 (1.17.0-2+b1) ...
#10 20.48 Setting up libzix-0-0:amd64 (0.6.2-1) ...
#10 20.49 Setting up imagemagick-7-common (8:7.1.1.43+dfsg1-1+deb13u12) ...
#10 20.54 Setting up libglvnd0:amd64 (1.7.0-1+b2) ...
#10 20.55 Setting up libcodec2-1.2:amd64 (1.2.0-3) ...
#10 20.56 Setting up libxcb-glx0:amd64 (1.17.0-2+b1) ...
#10 20.56 Setting up libbrotli1:amd64 (1.1.0-2+b7) ...
#10 20.57 Setting up libedit2:amd64 (3.1-20250104-1) ...
#10 20.59 Setting up libgdk-pixbuf2.0-common (2.42.12+dfsg-4+deb13u1) ...
#10 20.59 Setting up libmysofa1:amd64 (1.3.3+dfsg-1) ...
#10 20.60 Setting up libxcb-shape0:amd64 (1.17.0-2+b1) ...
#10 20.60 Setting up x11-common (1:7.7+24+deb13u1) ...
#10 20.70 debconf: unable to initialize frontend: Dialog
#10 20.70 debconf: (TERM is not set, so the dialog frontend is not usable.)
#10 20.70 debconf: falling back to frontend: Readline
#10 20.70 debconf: unable to initialize frontend: Readline
#10 20.70 debconf: (Can't locate Term/ReadLine.pm in @INC (you may need to install the Term::ReadLine module) (@INC entries checked: /etc/perl /usr/local/lib/x86_64-linux-gnu/perl/5.40.1 /usr/local/share/perl/5.40.1 /usr/lib/x86_64-linux-gnu/perl5/5.40 /usr/share/perl5 /usr/lib/x86_64-linux-gnu/perl-base /usr/lib/x86_64-linux-gnu/perl/5.40 /usr/share/perl/5.40 /usr/local/lib/site_perl) at /usr/share/perl5/Debconf/FrontEnd/Readline.pm line 8.)
#10 20.70 debconf: falling back to frontend: Teletype
#10 20.70 debconf: unable to initialize frontend: Teletype
#10 20.70 debconf: (This frontend requires a controlling tty.)
#10 20.70 debconf: falling back to frontend: Noninteractive
#10 20.72 invoke-rc.d: could not determine current runlevel
#10 20.73 invoke-rc.d: policy-rc.d denied execution of start.
#10 20.73 Setting up libsensors-config (1:3.6.2-2) ...
#10 20.74 Setting up libnghttp2-14:amd64 (1.64.0-1.1+deb13u1) ...
#10 20.74 Setting up libcdio19t64:amd64 (2.2.0-4.1~deb13u1) ...
#10 20.75 Setting up libdeflate0:amd64 (1.23-2) ...
#10 20.75 Setting up libgcrypt20:amd64 (1.11.0-7+deb13u1) ...
#10 20.76 Setting up xkb-data (2.42-1) ...
#10 20.76 Setting up libxcb-shm0:amd64 (1.17.0-2+b1) ...
#10 20.77 Setting up libcom-err2:amd64 (1.47.2-3+b12) ...
#10 20.78 Setting up libjemalloc2:amd64 (5.3.0-3) ...
#10 20.78 Setting up libmpg123-0t64:amd64 (1.32.10-1+deb13u1) ...
#10 20.79 Setting up libgomp1:amd64 (14.2.0-19) ...
#10 20.79 Setting up libcjson1:amd64 (1.7.18-3.1+deb13u1) ...
#10 20.80 Setting up libxvidcore4:amd64 (2:1.3.7-1+b2) ...
#10 20.80 Setting up libjbig0:amd64 (2.1-6.1+b2) ...
#10 20.80 Setting up libaec0:amd64 (1.1.3-1+b1) ...
#10 20.82 Setting up libelf1t64:amd64 (0.192-4) ...
#10 20.82 Setting up libsnappy1v5:amd64 (1.2.2-1) ...
#10 20.84 Setting up libcdio-cdda2t64:amd64 (10.2+2.0.2-1+b1) ...
#10 20.84 Setting up libkrb5support0:amd64 (1.21.3-5+deb13u1) ...
#10 20.85 Setting up libsasl2-modules-db:amd64 (2.1.28+dfsg1-9) ...
#10 20.85 Setting up libxcb-present0:amd64 (1.17.0-2+b1) ...
#10 20.86 Setting up libasound2-data (1.2.14-1+deb13u1) ...
#10 20.86 Setting up libpgm-5.3-0t64:amd64 (5.3.128~dfsg-2.1+b1) ...
#10 20.87 Setting up libtheoraenc1:amd64 (1.2.0~alpha1+dfsg-6) ...
#10 20.87 Setting up libz3-4:amd64 (4.13.3-1) ...
#10 20.88 Setting up libblas3:amd64 (3.12.1-6) ...
#10 20.89 update-alternatives: using /usr/lib/x86_64-linux-gnu/blas/libblas.so.3 to provide /usr/lib/x86_64-linux-gnu/libblas.so.3 (libblas.so.3-x86_64-linux-gnu) in auto mode
#10 20.89 Setting up libasound2t64:amd64 (1.2.14-1+deb13u1) ...
#10 20.89 Setting up libjpeg62-turbo:amd64 (1:2.1.5-4) ...
#10 20.92 Setting up libslang2:amd64 (2.3.3-5+b2) ...
#10 20.92 Setting up libva2:amd64 (2.22.0-3) ...
#10 20.93 Setting up libx11-data (2:1.8.12-1) ...
#10 20.93 Setting up libsvtav1enc2:amd64 (2.3.0+dfsg-1) ...
#10 20.93 Setting up libnspr4:amd64 (2:4.36-1) ...
#10 20.95 Setting up gnupg-l10n (2.4.7-21+deb13u1) ...
#10 20.96 Setting up libxcb-sync1:amd64 (1.17.0-2+b1) ...
#10 20.96 Setting up libdbus-1-3:amd64 (1.16.2-2) ...
#10 20.96 Setting up liblzf1:amd64 (3.6-4+b3) ...
#10 20.97 Setting up libfribidi0:amd64 (1.0.16-1) ...
#10 20.97 Setting up libopus0:amd64 (1.5.2-2) ...
#10 20.98 Setting up libp11-kit0:amd64 (0.25.5-3) ...
#10 20.98 Setting up libexif12:amd64 (0.6.25-1+deb13u1) ...
#10 20.99 Setting up libimagequant0:amd64 (2.18.0-1+b2) ...
#10 20.99 Setting up libcdio-paranoia2t64:amd64 (10.2+2.0.2-1+b1) ...
#10 21.00 Setting up libunistring5:amd64 (1.3-2) ...
#10 21.00 Setting up fonts-dejavu-mono (2.37-8) ...
#10 21.01 Setting up libpng16-16t64:amd64 (1.6.48-1+deb13u6) ...
#10 21.01 Setting up libimath-3-1-29t64:amd64 (3.1.12-1+b3) ...
#10 21.02 Setting up libatomic1:amd64 (14.2.0-19) ...
#10 21.03 Setting up libvorbis0a:amd64 (1.3.7-3) ...
#10 21.03 Setting up fonts-dejavu-core (2.37-8) ...
#10 21.07 Setting up libflac14:amd64 (1.5.0+ds-2) ...
#10 21.08 Setting up libsensors5:amd64 (1:3.6.2-2) ...
#10 21.08 Setting up libncursesw6:amd64 (6.5+20250216-2) ...
#10 21.08 Setting up libk5crypto3:amd64 (1.21.3-5+deb13u1) ...
#10 21.09 Setting up libltdl7:amd64 (2.5.4-4) ...
#10 21.09 Setting up libfftw3-double3:amd64 (3.3.10-2+b1) ...
#10 21.09 Setting up libsasl2-2:amd64 (2.1.28+dfsg1-9) ...
#10 21.10 Setting up libgfortran5:amd64 (14.2.0-19) ...
#10 21.10 Setting up libraw23t64:amd64 (0.21.4-2+deb13u1) ...
#10 21.10 Setting up libvulkan1:amd64 (1.4.309.0-1) ...
#10 21.11 Setting up libnghttp3-9:amd64 (1.8.0-1) ...
#10 21.11 Setting up libwebp7:amd64 (1.5.0-0.1) ...
#10 21.12 Setting up libnuma1:amd64 (2.0.19-1) ...
#10 21.12 Setting up libvidstab1.1:amd64 (1.1.0-2+b2) ...
#10 21.13 Setting up libvpx9:amd64 (1.15.0-2.1+deb13u1) ...
#10 21.13 Setting up libflite1:amd64 (2.2-7) ...
#10 21.14 Setting up libdav1d7:amd64 (1.5.1-1) ...
#10 21.14 Setting up ocl-icd-libopencl1:amd64 (2.3.3-1) ...
#10 21.14 Setting up libasyncns0:amd64 (0.8-6+b5) ...
#10 21.15 Setting up libxshmfence1:amd64 (1.3.3-1) ...
#10 21.15 Setting up libtiff6:amd64 (4.7.0-3+deb13u3) ...
#10 21.16 Setting up libbs2b0:amd64 (3.1.0+dfsg-8+b1) ...
#10 21.16 Setting up libxcb-randr0:amd64 (1.17.0-2+b1) ...
#10 21.16 Setting up librav1e0.7:amd64 (0.7.1-9+b2) ...
#10 21.17 Setting up libassuan9:amd64 (3.0.2-2) ...
#10 21.17 Setting up libtasn1-6:amd64 (4.20.0-2+deb13u1) ...
#10 21.18 Setting up libspng0:amd64 (0.7.4-2) ...
#10 21.18 Setting up libzimg2:amd64 (3.0.5+ds1-1+b2) ...
#10 21.18 Setting up libopenjp2-7:amd64 (2.5.3-2.1~deb13u2) ...
#10 21.19 Setting up libx11-6:amd64 (2:1.8.12-1) ...
#10 21.19 Setting up libopenal-data (1:1.24.2-1) ...
#10 21.20 Setting up libthai-data (0.1.29-2) ...
#10 21.21 Setting up libngtcp2-16:amd64 (1.11.0-1+deb13u1) ...
#10 21.21 Setting up libkrb5-3:amd64 (1.21.3-5+deb13u1) ...
#10 21.22 Setting up libunibreak6:amd64 (6.1-3) ...
#10 21.22 Setting up libwayland-egl1:amd64 (1.23.1-3) ...
#10 21.22 Setting up libusb-1.0-0:amd64 (2:1.0.28-1) ...
#10 21.23 Setting up libmbedcrypto16:amd64 (3.6.6-0.1~deb13u1) ...
#10 21.23 Setting up libssh2-1t64:amd64 (1.11.1-1+deb13u2) ...
#10 21.24 Setting up libde265-0:amd64 (1.0.15-1+deb13u2) ...
#10 21.24 Setting up libx265-215:amd64 (4.1-2) ...
#10 21.25 Setting up libsamplerate0:amd64 (0.2.2-4+b2) ...
#10 21.25 Setting up libwebpmux3:amd64 (1.5.0-0.1) ...
#10 21.25 Setting up libdrm-common (2.4.124-2) ...
#10 21.26 Setting up libjxl0.11:amd64 (0.11.2-0.1~deb13u2) ...
#10 21.26 Setting up readline-common (8.2-6) ...
#10 21.27 Setting up libxml2:amd64 (2.12.7+dfsg+really2.9.14-2.1+deb13u3) ...
#10 21.28 Setting up libldap2:amd64 (2.6.10+dfsg-1) ...
#10 21.28 Setting up libzvbi-common (0.2.44-1) ...
#10 21.28 Setting up libmp3lame0:amd64 (3.100-6+b3) ...
#10 21.29 Setting up libsz2:amd64 (1.1.3-1+b1) ...
#10 21.29 Setting up libvorbisenc2:amd64 (1.3.7-3) ...
#10 21.29 Setting up libdvdnav4:amd64 (6.1.1-3+b1) ...
#10 21.30 Setting up libiec61883-0:amd64 (1.2.0-7) ...
#10 21.30 Setting up libserd-0-0:amd64 (0.32.4-1) ...
#10 21.31 Setting up libxkbcommon0:amd64 (1.7.0-2) ...
#10 21.31 Setting up libwayland-client0:amd64 (1.23.1-3) ...
#10 21.33 Setting up libksba8:amd64 (1.6.7-2+b1) ...
#10 21.34 Setting up pinentry-curses (1.3.1-2) ...
#10 21.35 Setting up libavc1394-0:amd64 (0.5.4-5+b2) ...
#10 21.35 Setting up libxcb-dri3-0:amd64 (1.17.0-2+b1) ...
#10 21.36 Setting up libllvm19:amd64 (1:19.1.7-3+b1) ...
#10 21.37 Setting up libx11-xcb1:amd64 (2:1.8.12-1) ...
#10 21.37 Setting up liblapack3:amd64 (3.12.1-6) ...
#10 21.38 update-alternatives: using /usr/lib/x86_64-linux-gnu/lapack/liblapack.so.3 to provide /usr/lib/x86_64-linux-gnu/liblapack.so.3 (liblapack.so.3-x86_64-linux-gnu) in auto mode
#10 21.38 Setting up libcaca0:amd64 (0.99.beta20-5+deb13u1) ...
#10 21.39 Setting up libzvbi0t64:amd64 (0.2.44-1) ...
#10 21.39 Setting up libxrender1:amd64 (1:0.9.12-1) ...
#10 21.40 Setting up libsoxr0:amd64 (0.1.3-4+b2) ...
#10 21.40 Setting up fontconfig-config (2.15.0-2.3) ...
#10 21.46 debconf: unable to initialize frontend: Dialog
#10 21.46 debconf: (TERM is not set, so the dialog frontend is not usable.)
#10 21.46 debconf: falling back to frontend: Readline
#10 21.46 debconf: unable to initialize frontend: Readline
#10 21.46 debconf: (Can't locate Term/ReadLine.pm in @INC (you may need to install the Term::ReadLine module) (@INC entries checked: /etc/perl /usr/local/lib/x86_64-linux-gnu/perl/5.40.1 /usr/local/share/perl/5.40.1 /usr/lib/x86_64-linux-gnu/perl5/5.40 /usr/share/perl5 /usr/lib/x86_64-linux-gnu/perl-base /usr/lib/x86_64-linux-gnu/perl/5.40 /usr/share/perl/5.40 /usr/local/lib/site_perl) at /usr/share/perl5/Debconf/FrontEnd/Readline.pm line 8.)
#10 21.46 debconf: falling back to frontend: Teletype
#10 21.46 debconf: unable to initialize frontend: Teletype
#10 21.46 debconf: (This frontend requires a controlling tty.)
#10 21.46 debconf: falling back to frontend: Noninteractive
#10 21.51 Setting up libwebpdemux2:amd64 (1.5.0-0.1) ...
#10 21.51 Setting up libxext6:amd64 (2:1.3.4-1+b3) ...
#10 21.52 Setting up libidn2-0:amd64 (2.3.8-2) ...
#10 21.52 Setting up libnss3:amd64 (2:3.110-1+deb13u4) ...
#10 21.52 Setting up libopenal1:amd64 (1:1.24.2-1) ...
#10 21.53 Setting up libxxf86vm1:amd64 (1:1.1.4-1+b4) ...
#10 21.53 Setting up librist4:amd64 (0.2.11+dfsg-1) ...
#10 21.53 Setting up libthai0:amd64 (0.1.29-2+b1) ...
#10 21.54 Setting up libvorbisfile3:amd64 (1.3.7-3) ...
#10 21.54 Setting up libglib2.0-0t64:amd64 (2.84.4-3~deb13u5) ...
#10 21.55 No schema files found: doing nothing.
#10 21.56 Setting up libfreetype6:amd64 (2.13.3+dfsg-1+deb13u1) ...
#10 21.56 Setting up libxfixes3:amd64 (1:6.0.0-2+b4) ...
#10 21.56 Setting up redis-tools (5:8.0.2-3+deb13u3) ...
#10 21.65 Setting up libopenexr-3-1-30:amd64 (3.1.13-2) ...
#10 21.66 Setting up shared-mime-info (2.4-5+b2) ...
#10 22.71 Setting up libplacebo349:amd64 (7.349.0-3) ...
#10 22.72 Setting up libdc1394-25:amd64 (2.2.6-5) ...
#10 22.72 Setting up libxv1:amd64 (2:1.0.11-1.1+b3) ...
#10 22.73 Setting up libgssapi-krb5-2:amd64 (1.21.3-5+deb13u1) ...
#10 22.74 Setting up libxrandr2:amd64 (2:1.5.4-1+b3) ...
#10 22.74 Setting up libssh-4:amd64 (0.11.5-0+deb13u1) ...
#10 22.76 Setting up librubberband2:amd64 (3.3.0+dfsg-2+b3) ...
#10 22.76 Setting up libreadline8t64:amd64 (8.2-6) ...
#10 22.77 Setting up libjack-jackd2-0:amd64 (1.9.22~dfsg-4) ...
#10 22.77 Setting up libdrm2:amd64 (2.4.124-2) ...
#10 22.78 Setting up liblqr-1-0:amd64 (0.4.2-2.1+b2) ...
#10 22.78 Setting up libva-drm2:amd64 (2.22.0-3) ...
#10 22.80 Setting up libvdpau1:amd64 (1.5-3+b1) ...
#10 22.81 Setting up libsord-0-0:amd64 (0.16.18-1) ...
#10 22.81 Setting up libwayland-cursor0:amd64 (1.23.1-3) ...
#10 22.82 Setting up libsratom-0-0:amd64 (0.6.18-1) ...
#10 22.82 Setting up gpgconf (2.4.7-21+deb13u1+b5) ...
#10 22.83 Setting up libdecor-0-0:amd64 (0.2.2-2) ...
#10 22.84 Setting up libharfbuzz0b:amd64 (10.2.0-1+deb13u1) ...
#10 22.84 Setting up libgdk-pixbuf-2.0-0:amd64 (2.42.12+dfsg-4+deb13u1) ...
#10 22.87 Setting up libxss1:amd64 (1:1.2.3-1+b3) ...
#10 22.87 Setting up libfontconfig1:amd64 (2.15.0-2.3) ...
#10 22.88 Setting up libsndfile1:amd64 (1.2.2-2+deb13u1) ...
#10 22.88 Setting up libbluray2:amd64 (1:1.3.4-1+b2) ...
#10 22.89 Setting up libva-x11-2:amd64 (2.22.0-3) ...
#10 22.89 Setting up libarchive13t64:amd64 (3.7.4-4+deb13u1) ...
#10 22.90 Setting up liblilv-0-0:amd64 (0.24.26-1) ...
#10 22.90 Setting up libopenmpt0t64:amd64 (0.7.13-1+b1) ...
#10 22.92 Setting up gpg (2.4.7-21+deb13u1+b5) ...
#10 23.00 Setting up libdrm-amdgpu1:amd64 (2.4.124-2) ...
#10 23.01 Setting up libgnutls30t64:amd64 (3.8.9-3+deb13u4) ...
#10 23.02 Setting up fontconfig (2.15.0-2.3) ...
#10 23.03 Regenerating fonts cache... done.
#10 25.05 Setting up gpg-agent (2.4.7-21+deb13u1+b5) ...
#10 25.39 Setting up libzmq5:amd64 (4.3.5-1+b3) ...
#10 25.40 Setting up libxi6:amd64 (2:1.8.2-1) ...
#10 25.40 Setting up libpulse0:amd64 (17.0+dfsg1-2+b1) ...
#10 25.41 Setting up libxcursor1:amd64 (1:1.2.3-1) ...
#10 25.41 Setting up gpgsm (2.4.7-21+deb13u1+b5) ...
#10 25.41 Setting up libpango-1.0-0:amd64 (1.56.3-1) ...
#10 25.42 Setting up libdrm-intel1:amd64 (2.4.124-2) ...
#10 25.42 Setting up libpsl5t64:amd64 (0.21.2-1.1+b1) ...
#10 25.42 Setting up libavutil59:amd64 (7:7.1.5-0+deb13u1) ...
#10 25.43 Setting up redis-server (5:8.0.2-3+deb13u3) ...
#10 25.47 invoke-rc.d: could not determine current runlevel
#10 25.47 invoke-rc.d: policy-rc.d denied execution of start.
#10 25.56 Setting up libcairo2:amd64 (1.18.4-1+b1) ...
#10 25.58 Setting up libpostproc58:amd64 (7:7.1.5-0+deb13u1) ...
#10 25.58 Setting up libsphinxbase3t64:amd64 (0.8+5prealpha+1-21+b1) ...
#10 25.58 Setting up dirmngr (2.4.7-21+deb13u1+b5) ...
#10 25.70 Setting up libswresample5:amd64 (7:7.1.5-0+deb13u1) ...
#10 25.71 Setting up libswscale8:amd64 (7:7.1.5-0+deb13u1) ...
#10 25.71 Setting up libass9:amd64 (1:0.17.3-1+deb13u1) ...
#10 25.71 Setting up libtheoradec1:amd64 (1.2.0~alpha1+dfsg-6) ...
#10 25.72 Setting up librtmp1:amd64 (2.4+20151223.gitfa8646d.1-2+b5) ...
#10 25.72 Setting up libsrt1.5-gnutls:amd64 (1.5.4-1+deb13u1) ...
#10 25.73 Setting up gnupg (2.4.7-21+deb13u1) ...
#10 25.87 Setting up libcairo-gobject2:amd64 (1.18.4-1+b1) ...
#10 25.87 Setting up libgpgme11t64:amd64 (1.24.2-3) ...
#10 25.88 Setting up libpangoft2-1.0-0:amd64 (1.56.3-1) ...
#10 25.88 Setting up libopenslide0 (3.4.1+dfsg-7+deb13u1) ...
#10 25.88 Setting up libngtcp2-crypto-gnutls8:amd64 (1.11.0-1+deb13u1) ...
#10 25.89 Setting up libpangocairo-1.0-0:amd64 (1.56.3-1) ...
#10 25.89 Setting up libgpgmepp6t64:amd64 (1.24.2-3) ...
#10 25.89 Setting up mesa-libgallium:amd64 (25.0.7-2+deb13u1) ...
#10 25.93 Setting up libcurl4t64:amd64 (8.14.1-2+deb13u5) ...
#10 25.93 Setting up libgbm1:amd64 (25.0.7-2+deb13u1) ...
#10 25.94 Setting up redis (5:8.0.2-3+deb13u3) ...
#10 25.94 Setting up libgl1-mesa-dri:amd64 (25.0.7-2+deb13u1) ...
#10 25.96 Setting up libcurl3t64-gnutls:amd64 (8.14.1-2+deb13u5) ...
#10 25.97 Setting up librsvg2-2:amd64 (2.60.0+dfsg-1) ...
#10 25.98 Setting up libpocketsphinx3:amd64 (0.8+5prealpha+1-15+b4) ...
#10 25.99 Setting up libcfitsio10t64:amd64 (4.6.2-2) ...
#10 26.00 Setting up libavcodec61:amd64 (7:7.1.5-0+deb13u1) ...
#10 26.01 Setting up libhdf5-310:amd64 (1.14.5+repack-3) ...
#10 26.01 Setting up libmatio13:amd64 (1.5.28-2) ...
#10 26.01 Setting up curl (8.14.1-2+deb13u5) ...
#10 26.02 Setting up libsdl2-2.0-0:amd64 (2.32.4+dfsg-1) ...
#10 26.02 Setting up libglx-mesa0:amd64 (25.0.7-2+deb13u1) ...
#10 26.02 Setting up libpoppler147:amd64 (25.03.0-5+deb13u4) ...
#10 26.03 Setting up libglx0:amd64 (1.7.0-1+b2) ...
#10 26.03 Setting up libavformat61:amd64 (7:7.1.5-0+deb13u1) ...
#10 26.03 Setting up libpoppler-glib8t64:amd64 (25.03.0-5+deb13u4) ...
#10 26.04 Setting up libgl1:amd64 (1.7.0-1+b2) ...
#10 26.04 Setting up libavfilter10:amd64 (7:7.1.5-0+deb13u1) ...
#10 26.04 Setting up libavdevice61:amd64 (7:7.1.5-0+deb13u1) ...
#10 26.05 Setting up ffmpeg (7:7.1.5-0+deb13u1) ...
#10 26.06 Setting up libheif-plugin-dav1d:amd64 (1.23.4-1~deb13u1) ...
#10 26.06 Setting up libheif1:amd64 (1.23.4-1~deb13u1) ...
#10 26.06 Setting up libmagickcore-7.q16-10:amd64 (8:7.1.1.43+dfsg1-1+deb13u12) ...
#10 26.07 Setting up libvips42t64:amd64 (8.16.1-1+deb13u1) ...
#10 26.07 Setting up libheif-plugin-libde265:amd64 (1.23.4-1~deb13u1) ...
#10 26.08 Processing triggers for libc-bin (2.41-12+deb13u4) ...
#10 DONE 30.8s

#11 [stage-2 1/4] RUN groupadd --system --gid 1000 rails &&     useradd rails --uid 1000 --gid 1000 --create-home --shell /bin/bash
#11 DONE 1.2s

#12 [build 1/5] RUN apt-get update -qq &&     apt-get install -y build-essential git pkg-config libyaml-dev libssl-dev &&     rm -rf /var/lib/apt/lists /var/cache/apt/archives
#12 2.065 Reading package lists...
#12 2.618 Building dependency tree...
#12 2.819 Reading state information...
#12 3.214 The following additional packages will be installed:
#12 3.214   binutils binutils-common binutils-x86-64-linux-gnu bzip2 cpp cpp-14
#12 3.214   cpp-14-x86-64-linux-gnu cpp-x86-64-linux-gnu dpkg-dev fakeroot g++ g++-14
#12 3.214   g++-14-x86-64-linux-gnu g++-x86-64-linux-gnu gcc gcc-14
#12 3.214   gcc-14-x86-64-linux-gnu gcc-x86-64-linux-gnu git-man less
#12 3.214   libalgorithm-diff-perl libalgorithm-diff-xs-perl libalgorithm-merge-perl
#12 3.214   libasan8 libbinutils libc-dev-bin libc6-dev libcbor0.10 libcc1-0
#12 3.214   libcrypt-dev libctf-nobfd0 libctf0 libdpkg-perl liberror-perl libfakeroot
#12 3.214   libfido2-1 libfile-fcntllock-perl libgcc-14-dev libgdbm-compat4t64
#12 3.214   libgdbm6t64 libgprofng0 libhwasan0 libisl23 libitm1 libjansson4
#12 3.214   liblocale-gettext-perl liblsan0 libmpc3 libmpfr6 libperl5.40 libpkgconf3
#12 3.215   libquadmath0 libsframe1 libssl3t64 libstdc++-14-dev libtsan2 libubsan1
#12 3.215   libxmuu1 linux-libc-dev make manpages manpages-dev netbase openssh-client
#12 3.215   openssl openssl-provider-legacy patch perl perl-modules-5.40 pkgconf
#12 3.216   pkgconf-bin rpcsvc-proto xauth xz-utils
#12 3.218 Suggested packages:
#12 3.218   binutils-doc gprofng-gui binutils-gold bzip2-doc cpp-doc gcc-14-locales
#12 3.218   cpp-14-doc debian-keyring debian-tag2upload-keyring g++-multilib
#12 3.218   g++-14-multilib gcc-14-doc gcc-multilib autoconf automake libtool flex bison
#12 3.218   gdb gcc-doc gcc-14-multilib gdb-x86-64-linux-gnu gettext-base git-doc
#12 3.218   git-email git-gui gitk gitweb git-cvs git-mediawiki git-svn libc-devtools
#12 3.218   glibc-doc sensible-utils bzr gdbm-l10n libssl-doc libstdc++-14-doc
#12 3.218   libyaml-doc make-doc man-browser keychain libpam-ssh monkeysphere
#12 3.219   ssh-askpass ed diffutils-doc perl-doc libterm-readline-gnu-perl
#12 3.219   | libterm-readline-perl-perl libtap-harness-archive-perl
#12 3.479 The following NEW packages will be installed:
#12 3.479   binutils binutils-common binutils-x86-64-linux-gnu build-essential bzip2 cpp
#12 3.480   cpp-14 cpp-14-x86-64-linux-gnu cpp-x86-64-linux-gnu dpkg-dev fakeroot g++
#12 3.480   g++-14 g++-14-x86-64-linux-gnu g++-x86-64-linux-gnu gcc gcc-14
#12 3.480   gcc-14-x86-64-linux-gnu gcc-x86-64-linux-gnu git git-man less
#12 3.480   libalgorithm-diff-perl libalgorithm-diff-xs-perl libalgorithm-merge-perl
#12 3.480   libasan8 libbinutils libc-dev-bin libc6-dev libcbor0.10 libcc1-0
#12 3.480   libcrypt-dev libctf-nobfd0 libctf0 libdpkg-perl liberror-perl libfakeroot
#12 3.480   libfido2-1 libfile-fcntllock-perl libgcc-14-dev libgdbm-compat4t64
#12 3.480   libgdbm6t64 libgprofng0 libhwasan0 libisl23 libitm1 libjansson4
#12 3.480   liblocale-gettext-perl liblsan0 libmpc3 libmpfr6 libperl5.40 libpkgconf3
#12 3.481   libquadmath0 libsframe1 libssl-dev libstdc++-14-dev libtsan2 libubsan1
#12 3.481   libxmuu1 libyaml-dev linux-libc-dev make manpages manpages-dev netbase
#12 3.482   openssh-client patch perl perl-modules-5.40 pkg-config pkgconf pkgconf-bin
#12 3.482   rpcsvc-proto xauth xz-utils
#12 3.484 The following packages will be upgraded:
#12 3.485   libssl3t64 openssl openssl-provider-legacy
#12 3.546 3 upgraded, 76 newly installed, 0 to remove and 1 not upgraded.
#12 3.546 Need to get 106 MB of archives.
#12 3.546 After this operation, 418 MB of additional disk space will be used.
#12 3.546 Get:1 http://deb.debian.org/debian trixie/main amd64 liblocale-gettext-perl amd64 1.07-7+b1 [15.3 kB]
#12 3.564 Get:2 http://deb.debian.org/debian-security trixie-security/main amd64 openssl-provider-legacy amd64 3.5.7-1~deb13u3 [316 kB]
#12 3.590 Get:3 http://deb.debian.org/debian-security trixie-security/main amd64 libssl3t64 amd64 3.5.7-1~deb13u3 [2458 kB]
#12 3.615 Get:4 http://deb.debian.org/debian trixie/main amd64 less amd64 668-1 [161 kB]
#12 3.616 Get:5 http://deb.debian.org/debian trixie/main amd64 netbase all 6.5 [12.4 kB]
#12 3.617 Get:6 http://deb.debian.org/debian trixie/main amd64 bzip2 amd64 1.0.8-6 [40.5 kB]
#12 3.624 Get:7 http://deb.debian.org/debian trixie/main amd64 manpages all 6.9.1-1 [1393 kB]
#12 3.630 Get:8 http://deb.debian.org/debian trixie/main amd64 libcbor0.10 amd64 0.10.2-2 [28.3 kB]
#12 3.630 Get:9 http://deb.debian.org/debian trixie/main amd64 libfido2-1 amd64 1.15.0-1+b1 [78.7 kB]
#12 3.637 Get:10 http://deb.debian.org/debian trixie/main amd64 openssh-client amd64 1:10.0p1-7+deb13u4 [990 kB]
#12 3.643 Get:11 http://deb.debian.org/debian trixie/main amd64 perl-modules-5.40 all 5.40.1-6+deb13u1 [3014 kB]
#12 3.665 Get:12 http://deb.debian.org/debian trixie/main amd64 libgdbm6t64 amd64 1.24-2 [75.2 kB]
#12 3.665 Get:13 http://deb.debian.org/debian trixie/main amd64 libgdbm-compat4t64 amd64 1.24-2 [50.3 kB]
#12 3.665 Get:14 http://deb.debian.org/debian trixie/main amd64 libperl5.40 amd64 5.40.1-6+deb13u1 [4326 kB]
#12 3.688 Get:15 http://deb.debian.org/debian trixie/main amd64 perl amd64 5.40.1-6+deb13u1 [268 kB]
#12 3.692 Get:16 http://deb.debian.org/debian trixie/main amd64 xz-utils amd64 5.8.1-1+deb13u1 [659 kB]
#12 3.694 Get:17 http://deb.debian.org/debian trixie/main amd64 libsframe1 amd64 2.44-3 [78.4 kB]
#12 3.694 Get:18 http://deb.debian.org/debian trixie/main amd64 binutils-common amd64 2.44-3 [2509 kB]
#12 3.710 Get:19 http://deb.debian.org/debian trixie/main amd64 libbinutils amd64 2.44-3 [534 kB]
#12 3.711 Get:20 http://deb.debian.org/debian trixie/main amd64 libgprofng0 amd64 2.44-3 [808 kB]
#12 3.714 Get:21 http://deb.debian.org/debian trixie/main amd64 libctf-nobfd0 amd64 2.44-3 [156 kB]
#12 3.714 Get:22 http://deb.debian.org/debian trixie/main amd64 libctf0 amd64 2.44-3 [88.6 kB]
#12 3.715 Get:23 http://deb.debian.org/debian trixie/main amd64 libjansson4 amd64 2.14-2+b3 [39.8 kB]
#12 3.725 Get:24 http://deb.debian.org/debian trixie/main amd64 binutils-x86-64-linux-gnu amd64 2.44-3 [1014 kB]
#12 3.730 Get:25 http://deb.debian.org/debian trixie/main amd64 binutils amd64 2.44-3 [265 kB]
#12 3.731 Get:26 http://deb.debian.org/debian trixie/main amd64 libc-dev-bin amd64 2.41-12+deb13u4 [60.0 kB]
#12 3.741 Get:27 http://deb.debian.org/debian-security trixie-security/main amd64 linux-libc-dev all 6.12.111-1 [2988 kB]
#12 3.757 Get:28 http://deb.debian.org/debian trixie/main amd64 libcrypt-dev amd64 1:4.4.38-1 [119 kB]
#12 3.759 Get:29 http://deb.debian.org/debian trixie/main amd64 rpcsvc-proto amd64 1.4.3-1 [63.3 kB]
#12 3.760 Get:30 http://deb.debian.org/debian trixie/main amd64 libc6-dev amd64 2.41-12+deb13u4 [1995 kB]
#12 3.770 Get:31 http://deb.debian.org/debian trixie/main amd64 libisl23 amd64 0.27-1 [659 kB]
#12 3.772 Get:32 http://deb.debian.org/debian trixie/main amd64 libmpfr6 amd64 4.2.2-1 [729 kB]
#12 3.776 Get:33 http://deb.debian.org/debian trixie/main amd64 libmpc3 amd64 1.3.1-1+b3 [52.2 kB]
#12 3.778 Get:34 http://deb.debian.org/debian trixie/main amd64 cpp-14-x86-64-linux-gnu amd64 14.2.0-19 [11.0 MB]
#12 3.837 Get:35 http://deb.debian.org/debian trixie/main amd64 cpp-14 amd64 14.2.0-19 [1280 B]
#12 3.837 Get:36 http://deb.debian.org/debian trixie/main amd64 cpp-x86-64-linux-gnu amd64 4:14.2.0-1 [4840 B]
#12 3.837 Get:37 http://deb.debian.org/debian trixie/main amd64 cpp amd64 4:14.2.0-1 [1568 B]
#12 3.837 Get:38 http://deb.debian.org/debian trixie/main amd64 libcc1-0 amd64 14.2.0-19 [42.8 kB]
#12 3.837 Get:39 http://deb.debian.org/debian trixie/main amd64 libitm1 amd64 14.2.0-19 [26.0 kB]
#12 3.846 Get:40 http://deb.debian.org/debian trixie/main amd64 libasan8 amd64 14.2.0-19 [2725 kB]
#12 3.872 Get:41 http://deb.debian.org/debian trixie/main amd64 liblsan0 amd64 14.2.0-19 [1204 kB]
#12 3.878 Get:42 http://deb.debian.org/debian trixie/main amd64 libtsan2 amd64 14.2.0-19 [2460 kB]
#12 3.907 Get:43 http://deb.debian.org/debian trixie/main amd64 libubsan1 amd64 14.2.0-19 [1074 kB]
#12 3.909 Get:44 http://deb.debian.org/debian trixie/main amd64 libhwasan0 amd64 14.2.0-19 [1488 kB]
#12 3.927 Get:45 http://deb.debian.org/debian trixie/main amd64 libquadmath0 amd64 14.2.0-19 [145 kB]
#12 3.938 Get:46 http://deb.debian.org/debian trixie/main amd64 libgcc-14-dev amd64 14.2.0-19 [2672 kB]
#12 3.960 Get:47 http://deb.debian.org/debian trixie/main amd64 gcc-14-x86-64-linux-gnu amd64 14.2.0-19 [21.4 MB]
#12 4.081 Get:48 http://deb.debian.org/debian trixie/main amd64 gcc-14 amd64 14.2.0-19 [540 kB]
#12 4.082 Get:49 http://deb.debian.org/debian trixie/main amd64 gcc-x86-64-linux-gnu amd64 4:14.2.0-1 [1436 B]
#12 4.082 Get:50 http://deb.debian.org/debian trixie/main amd64 gcc amd64 4:14.2.0-1 [5136 B]
#12 4.082 Get:51 http://deb.debian.org/debian trixie/main amd64 libstdc++-14-dev amd64 14.2.0-19 [2376 kB]
#12 4.105 Get:52 http://deb.debian.org/debian trixie/main amd64 g++-14-x86-64-linux-gnu amd64 14.2.0-19 [12.1 MB]
#12 4.168 Get:53 http://deb.debian.org/debian trixie/main amd64 g++-14 amd64 14.2.0-19 [22.5 kB]
#12 4.168 Get:54 http://deb.debian.org/debian trixie/main amd64 g++-x86-64-linux-gnu amd64 4:14.2.0-1 [1200 B]
#12 4.169 Get:55 http://deb.debian.org/debian trixie/main amd64 g++ amd64 4:14.2.0-1 [1344 B]
#12 4.169 Get:56 http://deb.debian.org/debian trixie/main amd64 make amd64 4.4.1-2 [463 kB]
#12 4.171 Get:57 http://deb.debian.org/debian trixie/main amd64 libdpkg-perl all 1.22.22 [651 kB]
#12 4.175 Get:58 http://deb.debian.org/debian trixie/main amd64 patch amd64 2.8-2 [134 kB]
#12 4.176 Get:59 http://deb.debian.org/debian trixie/main amd64 dpkg-dev all 1.22.22 [1337 kB]
#12 4.183 Get:60 http://deb.debian.org/debian trixie/main amd64 build-essential amd64 12.12 [4624 B]
#12 4.183 Get:61 http://deb.debian.org/debian trixie/main amd64 libfakeroot amd64 1.37.1.1-1 [29.6 kB]
#12 4.183 Get:62 http://deb.debian.org/debian trixie/main amd64 fakeroot amd64 1.37.1.1-1 [76.0 kB]
#12 4.184 Get:63 http://deb.debian.org/debian trixie/main amd64 liberror-perl all 0.17030-1 [26.9 kB]
#12 4.196 Get:64 http://deb.debian.org/debian trixie/main amd64 git-man all 1:2.47.3-0+deb13u1 [2205 kB]
#12 4.219 Get:65 http://deb.debian.org/debian trixie/main amd64 git amd64 1:2.47.3-0+deb13u1 [8862 kB]
#12 4.263 Get:66 http://deb.debian.org/debian trixie/main amd64 libalgorithm-diff-perl all 1.201-1 [43.3 kB]
#12 4.263 Get:67 http://deb.debian.org/debian trixie/main amd64 libalgorithm-diff-xs-perl amd64 0.04-9 [11.1 kB]
#12 4.264 Get:68 http://deb.debian.org/debian trixie/main amd64 libalgorithm-merge-perl all 0.08-5 [11.8 kB]
#12 4.264 Get:69 http://deb.debian.org/debian trixie/main amd64 libfile-fcntllock-perl amd64 0.22-4+b4 [34.6 kB]
#12 4.264 Get:70 http://deb.debian.org/debian trixie/main amd64 libpkgconf3 amd64 1.8.1-4 [36.4 kB]
#12 4.265 Get:71 http://deb.debian.org/debian-security trixie-security/main amd64 libssl-dev amd64 3.5.7-1~deb13u3 [2968 kB]
#12 4.279 Get:72 http://deb.debian.org/debian trixie/main amd64 libxmuu1 amd64 2:1.1.3-3+b4 [21.9 kB]
#12 4.279 Get:73 http://deb.debian.org/debian trixie/main amd64 libyaml-dev amd64 0.2.5-2 [63.4 kB]
#12 4.288 Get:74 http://deb.debian.org/debian trixie/main amd64 manpages-dev all 6.9.1-1 [2122 kB]
#12 4.300 Get:75 http://deb.debian.org/debian-security trixie-security/main amd64 openssl amd64 3.5.7-1~deb13u3 [1508 kB]
#12 4.306 Get:76 http://deb.debian.org/debian trixie/main amd64 pkgconf-bin amd64 1.8.1-4 [30.2 kB]
#12 4.308 Get:77 http://deb.debian.org/debian trixie/main amd64 pkgconf amd64 1.8.1-4 [26.2 kB]
#12 4.308 Get:78 http://deb.debian.org/debian trixie/main amd64 pkg-config amd64 1.8.1-4 [14.0 kB]
#12 4.308 Get:79 http://deb.debian.org/debian trixie/main amd64 xauth amd64 1:1.1.2-1.1 [35.9 kB]
#12 4.483 debconf: unable to initialize frontend: Dialog
#12 4.483 debconf: (TERM is not set, so the dialog frontend is not usable.)
#12 4.483 debconf: falling back to frontend: Readline
#12 4.483 debconf: unable to initialize frontend: Readline
#12 4.483 debconf: (Can't locate Term/ReadLine.pm in @INC (you may need to install the Term::ReadLine module) (@INC entries checked: /etc/perl /usr/local/lib/x86_64-linux-gnu/perl/5.40.1 /usr/local/share/perl/5.40.1 /usr/lib/x86_64-linux-gnu/perl5/5.40 /usr/share/perl5 /usr/lib/x86_64-linux-gnu/perl-base /usr/lib/x86_64-linux-gnu/perl/5.40 /usr/share/perl/5.40 /usr/local/lib/site_perl) at /usr/share/perl5/Debconf/FrontEnd/Readline.pm line 8, <STDIN> line 79.)
#12 4.483 debconf: falling back to frontend: Teletype
#12 4.502 debconf: unable to initialize frontend: Teletype
#12 4.502 debconf: (This frontend requires a controlling tty.)
#12 4.502 debconf: falling back to frontend: Noninteractive
#12 6.222 Fetched 106 MB in 1s (133 MB/s)
#12 6.254 Selecting previously unselected package liblocale-gettext-perl.
#12 6.254 (Reading database ... (Reading database ... 5%(Reading database ... 10%(Reading database ... 15%(Reading database ... 20%(Reading database ... 25%(Reading database ... 30%(Reading database ... 35%(Reading database ... 40%(Reading database ... 45%(Reading database ... 50%(Reading database ... 55%(Reading database ... 60%(Reading database ... 65%(Reading database ... 70%(Reading database ... 75%(Reading database ... 80%(Reading database ... 85%(Reading database ... 90%(Reading database ... 95%(Reading database ... 100%(Reading database ... 9343 files and directories currently installed.)
#12 6.268 Preparing to unpack .../liblocale-gettext-perl_1.07-7+b1_amd64.deb ...
#12 6.291 Unpacking liblocale-gettext-perl (1.07-7+b1) ...
#12 6.331 Preparing to unpack .../openssl-provider-legacy_3.5.7-1~deb13u3_amd64.deb ...
#12 6.338 Unpacking openssl-provider-legacy (3.5.7-1~deb13u3) over (3.5.7-1~deb13u2) ...
#12 6.381 Setting up openssl-provider-legacy (3.5.7-1~deb13u3) ...
#12 6.422 (Reading database ... (Reading database ... 5%(Reading database ... 10%(Reading database ... 15%(Reading database ... 20%(Reading database ... 25%(Reading database ... 30%(Reading database ... 35%(Reading database ... 40%(Reading database ... 45%(Reading database ... 50%(Reading database ... 55%(Reading database ... 60%(Reading database ... 65%(Reading database ... 70%(Reading database ... 75%(Reading database ... 80%(Reading database ... 85%(Reading database ... 90%(Reading database ... 95%(Reading database ... 100%(Reading database ... 9358 files and directories currently installed.)
#12 6.459 Preparing to unpack .../libssl3t64_3.5.7-1~deb13u3_amd64.deb ...
#12 6.469 Unpacking libssl3t64:amd64 (3.5.7-1~deb13u3) over (3.5.7-1~deb13u2) ...
#12 6.600 Setting up libssl3t64:amd64 (3.5.7-1~deb13u3) ...
#12 6.650 Selecting previously unselected package less.
#12 6.650 (Reading database ... (Reading database ... 5%(Reading database ... 10%(Reading database ... 15%(Reading database ... 20%(Reading database ... 25%(Reading database ... 30%(Reading database ... 35%(Reading database ... 40%(Reading database ... 45%(Reading database ... 50%(Reading database ... 55%(Reading database ... 60%(Reading database ... 65%(Reading database ... 70%(Reading database ... 75%(Reading database ... 80%(Reading database ... 85%(Reading database ... 90%(Reading database ... 95%(Reading database ... 100%(Reading database ... 9358 files and directories currently installed.)
#12 6.658 Preparing to unpack .../00-less_668-1_amd64.deb ...
#12 6.667 Unpacking less (668-1) ...
#12 6.706 Selecting previously unselected package netbase.
#12 6.712 Preparing to unpack .../01-netbase_6.5_all.deb ...
#12 6.712 Unpacking netbase (6.5) ...
#12 6.740 Selecting previously unselected package bzip2.
#12 6.745 Preparing to unpack .../02-bzip2_1.0.8-6_amd64.deb ...
#12 6.749 Unpacking bzip2 (1.0.8-6) ...
#12 6.787 Selecting previously unselected package manpages.
#12 6.792 Preparing to unpack .../03-manpages_6.9.1-1_all.deb ...
#12 6.794 Unpacking manpages (6.9.1-1) ...
#12 6.886 Selecting previously unselected package libcbor0.10:amd64.
#12 6.891 Preparing to unpack .../04-libcbor0.10_0.10.2-2_amd64.deb ...
#12 6.893 Unpacking libcbor0.10:amd64 (0.10.2-2) ...
#12 6.947 Selecting previously unselected package libfido2-1:amd64.
#12 6.954 Preparing to unpack .../05-libfido2-1_1.15.0-1+b1_amd64.deb ...
#12 6.957 Unpacking libfido2-1:amd64 (1.15.0-1+b1) ...
#12 6.998 Selecting previously unselected package openssh-client.
#12 7.003 Preparing to unpack .../06-openssh-client_1%3a10.0p1-7+deb13u4_amd64.deb ...
#12 7.017 Unpacking openssh-client (1:10.0p1-7+deb13u4) ...
#12 7.088 Selecting previously unselected package perl-modules-5.40.
#12 7.095 Preparing to unpack .../07-perl-modules-5.40_5.40.1-6+deb13u1_all.deb ...
#12 7.099 Unpacking perl-modules-5.40 (5.40.1-6+deb13u1) ...
#12 7.648 Selecting previously unselected package libgdbm6t64:amd64.
#12 7.653 Preparing to unpack .../08-libgdbm6t64_1.24-2_amd64.deb ...
#12 7.654 Unpacking libgdbm6t64:amd64 (1.24-2) ...
#12 7.735 Selecting previously unselected package libgdbm-compat4t64:amd64.
#12 7.739 Preparing to unpack .../09-libgdbm-compat4t64_1.24-2_amd64.deb ...
#12 7.743 Unpacking libgdbm-compat4t64:amd64 (1.24-2) ...
#12 7.839 Selecting previously unselected package libperl5.40:amd64.
#12 7.844 Preparing to unpack .../10-libperl5.40_5.40.1-6+deb13u1_amd64.deb ...
#12 7.845 Unpacking libperl5.40:amd64 (5.40.1-6+deb13u1) ...
#12 8.077 Selecting previously unselected package perl.
#12 8.081 Preparing to unpack .../11-perl_5.40.1-6+deb13u1_amd64.deb ...
#12 8.083 Unpacking perl (5.40.1-6+deb13u1) ...
#12 8.141 Selecting previously unselected package xz-utils.
#12 8.146 Preparing to unpack .../12-xz-utils_5.8.1-1+deb13u1_amd64.deb ...
#12 8.147 Unpacking xz-utils (5.8.1-1+deb13u1) ...
#12 8.300 Selecting previously unselected package libsframe1:amd64.
#12 8.305 Preparing to unpack .../13-libsframe1_2.44-3_amd64.deb ...
#12 8.306 Unpacking libsframe1:amd64 (2.44-3) ...
#12 8.347 Selecting previously unselected package binutils-common:amd64.
#12 8.352 Preparing to unpack .../14-binutils-common_2.44-3_amd64.deb ...
#12 8.356 Unpacking binutils-common:amd64 (2.44-3) ...
#12 8.495 Selecting previously unselected package libbinutils:amd64.
#12 8.501 Preparing to unpack .../15-libbinutils_2.44-3_amd64.deb ...
#12 8.503 Unpacking libbinutils:amd64 (2.44-3) ...
#12 8.572 Selecting previously unselected package libgprofng0:amd64.
#12 8.577 Preparing to unpack .../16-libgprofng0_2.44-3_amd64.deb ...
#12 8.578 Unpacking libgprofng0:amd64 (2.44-3) ...
#12 8.660 Selecting previously unselected package libctf-nobfd0:amd64.
#12 8.664 Preparing to unpack .../17-libctf-nobfd0_2.44-3_amd64.deb ...
#12 8.665 Unpacking libctf-nobfd0:amd64 (2.44-3) ...
#12 8.711 Selecting previously unselected package libctf0:amd64.
#12 8.715 Preparing to unpack .../18-libctf0_2.44-3_amd64.deb ...
#12 8.717 Unpacking libctf0:amd64 (2.44-3) ...
#12 8.766 Selecting previously unselected package libjansson4:amd64.
#12 8.772 Preparing to unpack .../19-libjansson4_2.14-2+b3_amd64.deb ...
#12 8.774 Unpacking libjansson4:amd64 (2.14-2+b3) ...
#12 8.816 Selecting previously unselected package binutils-x86-64-linux-gnu.
#12 8.817 Preparing to unpack .../20-binutils-x86-64-linux-gnu_2.44-3_amd64.deb ...
#12 8.819 Unpacking binutils-x86-64-linux-gnu (2.44-3) ...
#12 8.918 Selecting previously unselected package binutils.
#12 8.924 Preparing to unpack .../21-binutils_2.44-3_amd64.deb ...
#12 8.929 Unpacking binutils (2.44-3) ...
#12 8.984 Selecting previously unselected package libc-dev-bin.
#12 8.988 Preparing to unpack .../22-libc-dev-bin_2.41-12+deb13u4_amd64.deb ...
#12 8.991 Unpacking libc-dev-bin (2.41-12+deb13u4) ...
#12 9.024 Selecting previously unselected package linux-libc-dev.
#12 9.028 Preparing to unpack .../23-linux-libc-dev_6.12.111-1_all.deb ...
#12 9.031 Unpacking linux-libc-dev (6.12.111-1) ...
#12 9.466 Selecting previously unselected package libcrypt-dev:amd64.
#12 9.472 Preparing to unpack .../24-libcrypt-dev_1%3a4.4.38-1_amd64.deb ...
#12 9.492 Unpacking libcrypt-dev:amd64 (1:4.4.38-1) ...
#12 9.545 Selecting previously unselected package rpcsvc-proto.
#12 9.550 Preparing to unpack .../25-rpcsvc-proto_1.4.3-1_amd64.deb ...
#12 9.551 Unpacking rpcsvc-proto (1.4.3-1) ...
#12 9.596 Selecting previously unselected package libc6-dev:amd64.
#12 9.606 Preparing to unpack .../26-libc6-dev_2.41-12+deb13u4_amd64.deb ...
#12 9.610 Unpacking libc6-dev:amd64 (2.41-12+deb13u4) ...
#12 9.753 Selecting previously unselected package libisl23:amd64.
#12 9.761 Preparing to unpack .../27-libisl23_0.27-1_amd64.deb ...
#12 9.762 Unpacking libisl23:amd64 (0.27-1) ...
#12 9.826 Selecting previously unselected package libmpfr6:amd64.
#12 9.831 Preparing to unpack .../28-libmpfr6_4.2.2-1_amd64.deb ...
#12 9.832 Unpacking libmpfr6:amd64 (4.2.2-1) ...
#12 9.889 Selecting previously unselected package libmpc3:amd64.
#12 9.894 Preparing to unpack .../29-libmpc3_1.3.1-1+b3_amd64.deb ...
#12 9.896 Unpacking libmpc3:amd64 (1.3.1-1+b3) ...
#12 9.931 Selecting previously unselected package cpp-14-x86-64-linux-gnu.
#12 9.933 Preparing to unpack .../30-cpp-14-x86-64-linux-gnu_14.2.0-19_amd64.deb ...
#12 9.935 Unpacking cpp-14-x86-64-linux-gnu (14.2.0-19) ...
#12 10.33 Selecting previously unselected package cpp-14.
#12 10.34 Preparing to unpack .../31-cpp-14_14.2.0-19_amd64.deb ...
#12 10.34 Unpacking cpp-14 (14.2.0-19) ...
#12 10.38 Selecting previously unselected package cpp-x86-64-linux-gnu.
#12 10.38 Preparing to unpack .../32-cpp-x86-64-linux-gnu_4%3a14.2.0-1_amd64.deb ...
#12 10.39 Unpacking cpp-x86-64-linux-gnu (4:14.2.0-1) ...
#12 10.43 Selecting previously unselected package cpp.
#12 10.44 Preparing to unpack .../33-cpp_4%3a14.2.0-1_amd64.deb ...
#12 10.46 Unpacking cpp (4:14.2.0-1) ...
#12 10.49 Selecting previously unselected package libcc1-0:amd64.
#12 10.50 Preparing to unpack .../34-libcc1-0_14.2.0-19_amd64.deb ...
#12 10.51 Unpacking libcc1-0:amd64 (14.2.0-19) ...
#12 10.55 Selecting previously unselected package libitm1:amd64.
#12 10.55 Preparing to unpack .../35-libitm1_14.2.0-19_amd64.deb ...
#12 10.56 Unpacking libitm1:amd64 (14.2.0-19) ...
#12 10.59 Selecting previously unselected package libasan8:amd64.
#12 10.60 Preparing to unpack .../36-libasan8_14.2.0-19_amd64.deb ...
#12 10.60 Unpacking libasan8:amd64 (14.2.0-19) ...
#12 10.78 Selecting previously unselected package liblsan0:amd64.
#12 10.79 Preparing to unpack .../37-liblsan0_14.2.0-19_amd64.deb ...
#12 10.79 Unpacking liblsan0:amd64 (14.2.0-19) ...
#12 10.88 Selecting previously unselected package libtsan2:amd64.
#12 10.88 Preparing to unpack .../38-libtsan2_14.2.0-19_amd64.deb ...
#12 10.88 Unpacking libtsan2:amd64 (14.2.0-19) ...
#12 11.04 Selecting previously unselected package libubsan1:amd64.
#12 11.05 Preparing to unpack .../39-libubsan1_14.2.0-19_amd64.deb ...
#12 11.05 Unpacking libubsan1:amd64 (14.2.0-19) ...
#12 11.12 Selecting previously unselected package libhwasan0:amd64.
#12 11.13 Preparing to unpack .../40-libhwasan0_14.2.0-19_amd64.deb ...
#12 11.13 Unpacking libhwasan0:amd64 (14.2.0-19) ...
#12 11.23 Selecting previously unselected package libquadmath0:amd64.
#12 11.23 Preparing to unpack .../41-libquadmath0_14.2.0-19_amd64.deb ...
#12 11.24 Unpacking libquadmath0:amd64 (14.2.0-19) ...
#12 11.29 Selecting previously unselected package libgcc-14-dev:amd64.
#12 11.30 Preparing to unpack .../42-libgcc-14-dev_14.2.0-19_amd64.deb ...
#12 11.30 Unpacking libgcc-14-dev:amd64 (14.2.0-19) ...
#12 11.44 Selecting previously unselected package gcc-14-x86-64-linux-gnu.
#12 11.45 Preparing to unpack .../43-gcc-14-x86-64-linux-gnu_14.2.0-19_amd64.deb ...
#12 11.45 Unpacking gcc-14-x86-64-linux-gnu (14.2.0-19) ...
#12 12.00 Selecting previously unselected package gcc-14.
#12 12.01 Preparing to unpack .../44-gcc-14_14.2.0-19_amd64.deb ...
#12 12.01 Unpacking gcc-14 (14.2.0-19) ...
#12 12.06 Selecting previously unselected package gcc-x86-64-linux-gnu.
#12 12.06 Preparing to unpack .../45-gcc-x86-64-linux-gnu_4%3a14.2.0-1_amd64.deb ...
#12 12.07 Unpacking gcc-x86-64-linux-gnu (4:14.2.0-1) ...
#12 12.11 Selecting previously unselected package gcc.
#12 12.12 Preparing to unpack .../46-gcc_4%3a14.2.0-1_amd64.deb ...
#12 12.12 Unpacking gcc (4:14.2.0-1) ...
#12 12.15 Selecting previously unselected package libstdc++-14-dev:amd64.
#12 12.16 Preparing to unpack .../47-libstdc++-14-dev_14.2.0-19_amd64.deb ...
#12 12.16 Unpacking libstdc++-14-dev:amd64 (14.2.0-19) ...
#12 12.47 Selecting previously unselected package g++-14-x86-64-linux-gnu.
#12 12.47 Preparing to unpack .../48-g++-14-x86-64-linux-gnu_14.2.0-19_amd64.deb ...
#12 12.47 Unpacking g++-14-x86-64-linux-gnu (14.2.0-19) ...
#12 12.90 Selecting previously unselected package g++-14.
#12 12.91 Preparing to unpack .../49-g++-14_14.2.0-19_amd64.deb ...
#12 12.91 Unpacking g++-14 (14.2.0-19) ...
#12 12.94 Selecting previously unselected package g++-x86-64-linux-gnu.
#12 12.95 Preparing to unpack .../50-g++-x86-64-linux-gnu_4%3a14.2.0-1_amd64.deb ...
#12 12.95 Unpacking g++-x86-64-linux-gnu (4:14.2.0-1) ...
#12 12.99 Selecting previously unselected package g++.
#12 12.99 Preparing to unpack .../51-g++_4%3a14.2.0-1_amd64.deb ...
#12 13.00 Unpacking g++ (4:14.2.0-1) ...
#12 13.03 Selecting previously unselected package make.
#12 13.04 Preparing to unpack .../52-make_4.4.1-2_amd64.deb ...
#12 13.05 Unpacking make (4.4.1-2) ...
#12 13.10 Selecting previously unselected package libdpkg-perl.
#12 13.10 Preparing to unpack .../53-libdpkg-perl_1.22.22_all.deb ...
#12 13.10 Unpacking libdpkg-perl (1.22.22) ...
#12 13.16 Selecting previously unselected package patch.
#12 13.16 Preparing to unpack .../54-patch_2.8-2_amd64.deb ...
#12 13.17 Unpacking patch (2.8-2) ...
#12 13.22 Selecting previously unselected package dpkg-dev.
#12 13.22 Preparing to unpack .../55-dpkg-dev_1.22.22_all.deb ...
#12 13.23 Unpacking dpkg-dev (1.22.22) ...
#12 13.31 Selecting previously unselected package build-essential.
#12 13.31 Preparing to unpack .../56-build-essential_12.12_amd64.deb ...
#12 13.32 Unpacking build-essential (12.12) ...
#12 13.35 Selecting previously unselected package libfakeroot:amd64.
#12 13.36 Preparing to unpack .../57-libfakeroot_1.37.1.1-1_amd64.deb ...
#12 13.36 Unpacking libfakeroot:amd64 (1.37.1.1-1) ...
#12 13.40 Selecting previously unselected package fakeroot.
#12 13.40 Preparing to unpack .../58-fakeroot_1.37.1.1-1_amd64.deb ...
#12 13.40 Unpacking fakeroot (1.37.1.1-1) ...
#12 13.47 Selecting previously unselected package liberror-perl.
#12 13.48 Preparing to unpack .../59-liberror-perl_0.17030-1_all.deb ...
#12 13.48 Unpacking liberror-perl (0.17030-1) ...
#12 13.53 Selecting previously unselected package git-man.
#12 13.53 Preparing to unpack .../60-git-man_1%3a2.47.3-0+deb13u1_all.deb ...
#12 13.54 Unpacking git-man (1:2.47.3-0+deb13u1) ...
#12 13.61 Selecting previously unselected package git.
#12 13.61 Preparing to unpack .../61-git_1%3a2.47.3-0+deb13u1_amd64.deb ...
#12 13.63 Unpacking git (1:2.47.3-0+deb13u1) ...
#12 13.94 Selecting previously unselected package libalgorithm-diff-perl.
#12 13.95 Preparing to unpack .../62-libalgorithm-diff-perl_1.201-1_all.deb ...
#12 13.95 Unpacking libalgorithm-diff-perl (1.201-1) ...
#12 14.00 Selecting previously unselected package libalgorithm-diff-xs-perl.
#12 14.01 Preparing to unpack .../63-libalgorithm-diff-xs-perl_0.04-9_amd64.deb ...
#12 14.01 Unpacking libalgorithm-diff-xs-perl (0.04-9) ...
#12 14.06 Selecting previously unselected package libalgorithm-merge-perl.
#12 14.07 Preparing to unpack .../64-libalgorithm-merge-perl_0.08-5_all.deb ...
#12 14.07 Unpacking libalgorithm-merge-perl (0.08-5) ...
#12 14.11 Selecting previously unselected package libfile-fcntllock-perl.
#12 14.12 Preparing to unpack .../65-libfile-fcntllock-perl_0.22-4+b4_amd64.deb ...
#12 14.12 Unpacking libfile-fcntllock-perl (0.22-4+b4) ...
#12 14.16 Selecting previously unselected package libpkgconf3:amd64.
#12 14.17 Preparing to unpack .../66-libpkgconf3_1.8.1-4_amd64.deb ...
#12 14.17 Unpacking libpkgconf3:amd64 (1.8.1-4) ...
#12 14.20 Selecting previously unselected package libssl-dev:amd64.
#12 14.21 Preparing to unpack .../67-libssl-dev_3.5.7-1~deb13u3_amd64.deb ...
#12 14.23 Unpacking libssl-dev:amd64 (3.5.7-1~deb13u3) ...
#12 14.41 Selecting previously unselected package libxmuu1:amd64.
#12 14.42 Preparing to unpack .../68-libxmuu1_2%3a1.1.3-3+b4_amd64.deb ...
#12 14.42 Unpacking libxmuu1:amd64 (2:1.1.3-3+b4) ...
#12 14.46 Selecting previously unselected package libyaml-dev:amd64.
#12 14.46 Preparing to unpack .../69-libyaml-dev_0.2.5-2_amd64.deb ...
#12 14.47 Unpacking libyaml-dev:amd64 (0.2.5-2) ...
#12 14.51 Selecting previously unselected package manpages-dev.
#12 14.51 Preparing to unpack .../70-manpages-dev_6.9.1-1_all.deb ...
#12 14.52 Unpacking manpages-dev (6.9.1-1) ...
#12 14.61 Preparing to unpack .../71-openssl_3.5.7-1~deb13u3_amd64.deb ...
#12 14.61 Unpacking openssl (3.5.7-1~deb13u3) over (3.5.7-1~deb13u2) ...
#12 14.70 Selecting previously unselected package pkgconf-bin.
#12 14.71 Preparing to unpack .../72-pkgconf-bin_1.8.1-4_amd64.deb ...
#12 14.71 Unpacking pkgconf-bin (1.8.1-4) ...
#12 14.75 Selecting previously unselected package pkgconf:amd64.
#12 14.76 Preparing to unpack .../73-pkgconf_1.8.1-4_amd64.deb ...
#12 14.76 Unpacking pkgconf:amd64 (1.8.1-4) ...
#12 14.79 Selecting previously unselected package pkg-config:amd64.
#12 14.79 Preparing to unpack .../74-pkg-config_1.8.1-4_amd64.deb ...
#12 14.80 Unpacking pkg-config:amd64 (1.8.1-4) ...
#12 14.85 Selecting previously unselected package xauth.
#12 14.86 Preparing to unpack .../75-xauth_1%3a1.1.2-1.1_amd64.deb ...
#12 14.86 Unpacking xauth (1:1.1.2-1.1) ...
#12 14.94 Setting up libgdbm6t64:amd64 (1.24-2) ...
#12 14.95 Setting up libyaml-dev:amd64 (0.2.5-2) ...
#12 14.95 Setting up libgdbm-compat4t64:amd64 (1.24-2) ...
#12 14.96 Setting up libcbor0.10:amd64 (0.10.2-2) ...
#12 14.96 Setting up manpages (6.9.1-1) ...
#12 14.97 Setting up binutils-common:amd64 (2.44-3) ...
#12 14.97 Setting up less (668-1) ...
#12 14.98 Setting up linux-libc-dev (6.12.111-1) ...
#12 14.99 Setting up libctf-nobfd0:amd64 (2.44-3) ...
#12 14.99 Setting up bzip2 (1.0.8-6) ...
#12 14.99 Setting up libsframe1:amd64 (2.44-3) ...
#12 15.00 Setting up libfakeroot:amd64 (1.37.1.1-1) ...
#12 15.00 Setting up libjansson4:amd64 (2.14-2+b3) ...
#12 15.01 Setting up fakeroot (1.37.1.1-1) ...
#12 15.02 update-alternatives: using /usr/bin/fakeroot-sysv to provide /usr/bin/fakeroot (fakeroot) in auto mode
#12 15.02 update-alternatives: warning: skip creation of /usr/share/man/man1/fakeroot.1.gz because associated file /usr/share/man/man1/fakeroot-sysv.1.gz (of link group fakeroot) doesn't exist
#12 15.02 update-alternatives: warning: skip creation of /usr/share/man/man1/faked.1.gz because associated file /usr/share/man/man1/faked-sysv.1.gz (of link group fakeroot) doesn't exist
#12 15.02 update-alternatives: warning: skip creation of /usr/share/man/es/man1/fakeroot.1.gz because associated file /usr/share/man/es/man1/fakeroot-sysv.1.gz (of link group fakeroot) doesn't exist
#12 15.02 update-alternatives: warning: skip creation of /usr/share/man/es/man1/faked.1.gz because associated file /usr/share/man/es/man1/faked-sysv.1.gz (of link group fakeroot) doesn't exist
#12 15.02 update-alternatives: warning: skip creation of /usr/share/man/fr/man1/fakeroot.1.gz because associated file /usr/share/man/fr/man1/fakeroot-sysv.1.gz (of link group fakeroot) doesn't exist
#12 15.02 update-alternatives: warning: skip creation of /usr/share/man/fr/man1/faked.1.gz because associated file /usr/share/man/fr/man1/faked-sysv.1.gz (of link group fakeroot) doesn't exist
#12 15.02 update-alternatives: warning: skip creation of /usr/share/man/sv/man1/fakeroot.1.gz because associated file /usr/share/man/sv/man1/fakeroot-sysv.1.gz (of link group fakeroot) doesn't exist
#12 15.02 update-alternatives: warning: skip creation of /usr/share/man/sv/man1/faked.1.gz because associated file /usr/share/man/sv/man1/faked-sysv.1.gz (of link group fakeroot) doesn't exist
#12 15.03 Setting up libpkgconf3:amd64 (1.8.1-4) ...
#12 15.03 Setting up rpcsvc-proto (1.4.3-1) ...
#12 15.03 Setting up make (4.4.1-2) ...
#12 15.04 Setting up libmpfr6:amd64 (4.2.2-1) ...
#12 15.04 Setting up xz-utils (5.8.1-1+deb13u1) ...
#12 15.05 update-alternatives: using /usr/bin/xz to provide /usr/bin/lzma (lzma) in auto mode
#12 15.05 update-alternatives: warning: skip creation of /usr/share/man/man1/lzma.1.gz because associated file /usr/share/man/man1/xz.1.gz (of link group lzma) doesn't exist
#12 15.05 update-alternatives: warning: skip creation of /usr/share/man/man1/unlzma.1.gz because associated file /usr/share/man/man1/unxz.1.gz (of link group lzma) doesn't exist
#12 15.05 update-alternatives: warning: skip creation of /usr/share/man/man1/lzcat.1.gz because associated file /usr/share/man/man1/xzcat.1.gz (of link group lzma) doesn't exist
#12 15.05 update-alternatives: warning: skip creation of /usr/share/man/man1/lzmore.1.gz because associated file /usr/share/man/man1/xzmore.1.gz (of link group lzma) doesn't exist
#12 15.05 update-alternatives: warning: skip creation of /usr/share/man/man1/lzless.1.gz because associated file /usr/share/man/man1/xzless.1.gz (of link group lzma) doesn't exist
#12 15.05 update-alternatives: warning: skip creation of /usr/share/man/man1/lzdiff.1.gz because associated file /usr/share/man/man1/xzdiff.1.gz (of link group lzma) doesn't exist
#12 15.05 update-alternatives: warning: skip creation of /usr/share/man/man1/lzcmp.1.gz because associated file /usr/share/man/man1/xzcmp.1.gz (of link group lzma) doesn't exist
#12 15.05 update-alternatives: warning: skip creation of /usr/share/man/man1/lzgrep.1.gz because associated file /usr/share/man/man1/xzgrep.1.gz (of link group lzma) doesn't exist
#12 15.05 update-alternatives: warning: skip creation of /usr/share/man/man1/lzegrep.1.gz because associated file /usr/share/man/man1/xzegrep.1.gz (of link group lzma) doesn't exist
#12 15.05 update-alternatives: warning: skip creation of /usr/share/man/man1/lzfgrep.1.gz because associated file /usr/share/man/man1/xzfgrep.1.gz (of link group lzma) doesn't exist
#12 15.06 Setting up libquadmath0:amd64 (14.2.0-19) ...
#12 15.06 Setting up libssl-dev:amd64 (3.5.7-1~deb13u3) ...
#12 15.07 Setting up libmpc3:amd64 (1.3.1-1+b3) ...
#12 15.07 Setting up patch (2.8-2) ...
#12 15.07 Setting up pkgconf-bin (1.8.1-4) ...
#12 15.08 Setting up libubsan1:amd64 (14.2.0-19) ...
#12 15.09 Setting up perl-modules-5.40 (5.40.1-6+deb13u1) ...
#12 15.09 Setting up libhwasan0:amd64 (14.2.0-19) ...
#12 15.09 Setting up libcrypt-dev:amd64 (1:4.4.38-1) ...
#12 15.11 Setting up libasan8:amd64 (14.2.0-19) ...
#12 15.12 Setting up git-man (1:2.47.3-0+deb13u1) ...
#12 15.13 Setting up netbase (6.5) ...
#12 15.14 Setting up libtsan2:amd64 (14.2.0-19) ...
#12 15.15 Setting up libbinutils:amd64 (2.44-3) ...
#12 15.15 Setting up libfido2-1:amd64 (1.15.0-1+b1) ...
#12 15.15 Setting up libisl23:amd64 (0.27-1) ...
#12 15.16 Setting up libc-dev-bin (2.41-12+deb13u4) ...
#12 15.16 Setting up openssl (3.5.7-1~deb13u3) ...
#12 15.17 Setting up libcc1-0:amd64 (14.2.0-19) ...
#12 15.17 Setting up libxmuu1:amd64 (2:1.1.3-3+b4) ...
#12 15.18 Setting up liblocale-gettext-perl (1.07-7+b1) ...
#12 15.18 Setting up liblsan0:amd64 (14.2.0-19) ...
#12 15.18 Setting up libitm1:amd64 (14.2.0-19) ...
#12 15.19 Setting up libctf0:amd64 (2.44-3) ...
#12 15.19 Setting up manpages-dev (6.9.1-1) ...
#12 15.20 Setting up openssh-client (1:10.0p1-7+deb13u4) ...
#12 15.42 Setting up pkgconf:amd64 (1.8.1-4) ...
#12 15.43 Setting up libperl5.40:amd64 (5.40.1-6+deb13u1) ...
#12 15.44 Setting up perl (5.40.1-6+deb13u1) ...
#12 15.46 Setting up libgprofng0:amd64 (2.44-3) ...
#12 15.47 Setting up pkg-config:amd64 (1.8.1-4) ...
#12 15.47 Setting up cpp-14-x86-64-linux-gnu (14.2.0-19) ...
#12 15.47 Setting up libdpkg-perl (1.22.22) ...
#12 15.48 Setting up cpp-14 (14.2.0-19) ...
#12 15.48 Setting up xauth (1:1.1.2-1.1) ...
#12 15.49 Setting up libc6-dev:amd64 (2.41-12+deb13u4) ...
#12 15.49 Setting up libgcc-14-dev:amd64 (14.2.0-19) ...
#12 15.50 Setting up libstdc++-14-dev:amd64 (14.2.0-19) ...
#12 15.50 Setting up binutils-x86-64-linux-gnu (2.44-3) ...
#12 15.51 Setting up cpp-x86-64-linux-gnu (4:14.2.0-1) ...
#12 15.51 Setting up libfile-fcntllock-perl (0.22-4+b4) ...
#12 15.51 Setting up libalgorithm-diff-perl (1.201-1) ...
#12 15.52 Setting up binutils (2.44-3) ...
#12 15.53 Setting up dpkg-dev (1.22.22) ...
#12 15.54 Setting up liberror-perl (0.17030-1) ...
#12 15.54 Setting up git (1:2.47.3-0+deb13u1) ...
#12 15.57 Setting up cpp (4:14.2.0-1) ...
#12 15.59 Setting up gcc-14-x86-64-linux-gnu (14.2.0-19) ...
#12 15.59 Setting up libalgorithm-diff-xs-perl (0.04-9) ...
#12 15.60 Setting up libalgorithm-merge-perl (0.08-5) ...
#12 15.60 Setting up gcc-x86-64-linux-gnu (4:14.2.0-1) ...
#12 15.61 Setting up gcc-14 (14.2.0-19) ...
#12 15.61 Setting up g++-14-x86-64-linux-gnu (14.2.0-19) ...
#12 15.63 Setting up g++-x86-64-linux-gnu (4:14.2.0-1) ...
#12 15.64 Setting up g++-14 (14.2.0-19) ...
#12 15.64 Setting up gcc (4:14.2.0-1) ...
#12 15.67 Setting up g++ (4:14.2.0-1) ...
#12 15.67 update-alternatives: using /usr/bin/g++ to provide /usr/bin/c++ (c++) in auto mode
#12 15.67 Setting up build-essential (12.12) ...
#12 15.68 Processing triggers for libc-bin (2.41-12+deb13u4) ...
#12 DONE 18.2s

#13 [build 2/5] COPY Gemfile Gemfile.lock vendor ./
#13 DONE 0.3s

#14 [build 3/5] RUN bundle install &&     rm -rf ~/.bundle/ "/usr/local/bundle"/ruby/*/cache "/usr/local/bundle"/ruby/*/bundler/gems/*/.git
#14 0.534 Bundler 2.6.9 is running, but your lockfile was generated with 4.0.13. Installing Bundler 4.0.13 and restarting using that version.
#14 1.494 Fetching gem metadata from https://rubygems.org/.
#14 1.609 Fetching bundler 4.0.13
#14 1.844 Installing bundler 4.0.13
#14 2.149 Fetching https://github.com/rails/importmap-rails.git
#14 2.149 Fetching https://github.com/basecamp/surfguard.git
#14 2.149 Fetching https://github.com/rails/rails.git
#14 2.149 Fetching https://github.com/rails/propshaft.git
#14 2.149 Fetching https://github.com/hotwired/turbo-rails.git
#14 26.54 Fetching gem metadata from https://rubygems.org/..........
#14 27.94 Fetching rake 13.3.1
#14 28.00 Installing rake 13.3.1
#14 28.06 Fetching base64 0.3.0
#14 28.06 Fetching bigdecimal 3.3.1
#14 28.06 Fetching concurrent-ruby 1.3.7
#14 28.06 Fetching connection_pool 2.5.5
#14 28.06 Fetching drb 2.2.3
#14 28.06 Fetching i18n 1.14.7
#14 28.06 Fetching json 2.21.2
#14 28.06 Fetching logger 1.7.0
#14 28.06 Fetching minitest 5.26.2
#14 28.06 Fetching securerandom 0.4.1
#14 28.06 Fetching tzinfo 2.0.6
#14 28.06 Fetching uri 1.1.1
#14 28.06 Fetching builder 3.3.0
#14 28.06 Fetching erubi 1.13.1
#14 28.06 Fetching racc 1.8.1
#14 28.06 Fetching nokogiri 1.19.4 (x86_64-linux-gnu)
#14 28.06 Fetching rails-dom-testing 2.3.0
#14 28.06 Fetching crass 1.0.7
#14 28.06 Fetching loofah 2.25.2
#14 28.06 Fetching rails-html-sanitizer 1.7.1
#14 28.06 Fetching rack 3.2.6
#14 28.06 Fetching rack-session 2.1.2
#14 28.06 Fetching rack-test 2.2.0
#14 28.06 Fetching useragent 0.16.11
#14 28.09 Fetching prettyprint 0.2.0
#14 28.11 Fetching pp 0.6.3
#14 28.13 Installing bigdecimal 3.3.1 with native extensions
#14 28.16 Fetching erb 6.0.4
#14 28.16 Fetching date 3.5.1
#14 28.17 Fetching stringio 3.1.8
#14 28.18 Fetching psych 5.2.6
#14 28.18 Installing json 2.21.2 with native extensions
#14 28.21 Fetching tsort 0.2.0
#14 28.22 Fetching rdoc 6.16.1
#14 28.23 Fetching io-console 0.8.1
#14 28.24 Fetching reline 0.6.3
#14 28.25 Fetching irb 1.15.3
#14 28.26 Fetching rackup 2.2.1
#14 28.27 Fetching thor 1.4.0
#14 28.32 Installing racc 1.8.1 with native extensions
#14 28.33 Fetching zeitwerk 2.7.3
#14 28.34 Fetching action_text-trix 2.1.19
#14 28.38 Fetching nio4r 2.7.5
#14 28.39 Fetching websocket-extensions 0.1.5
#14 28.39 Fetching websocket-driver 0.8.2
#14 28.41 Fetching globalid 1.3.0
#14 28.42 Fetching timeout 0.6.1
#14 28.43 Fetching marcel 1.1.0
#14 28.44 Fetching mini_mime 1.1.5
#14 28.46 Fetching net-protocol 0.2.2
#14 28.46 Installing erb 6.0.4 with native extensions
#14 28.47 Fetching net-imap 0.6.4.1
#14 28.49 Installing date 3.5.1 with native extensions
#14 28.51 Installing stringio 3.1.8 with native extensions
#14 28.53 Fetching net-pop 0.1.2
#14 28.56 Fetching net-smtp 0.5.1
#14 28.57 Installing io-console 0.8.1 with native extensions
#14 28.57 Fetching mail 2.9.1
#14 28.60 Fetching public_suffix 6.0.2
#14 28.61 Fetching addressable 2.9.0
#14 28.62 Fetching ast 2.4.3
#14 28.63 Fetching bcrypt 3.1.22
#14 28.64 Fetching benchmark 0.5.0
#14 28.65 Fetching brakeman 8.0.6
#14 28.66 Installing nio4r 2.7.5 with native extensions
#14 28.75 Fetching bundler-audit 0.9.3
#14 28.75 Fetching matrix 0.4.3
#14 28.75 Fetching regexp_parser 2.11.2
#14 28.75 Fetching xpath 3.2.0
#14 28.75 Fetching capybara 3.40.0
#14 28.76 Fetching chunky_png 1.4.0
#14 28.76 Fetching rexml 3.4.4
#14 28.78 Fetching crack 1.0.0
#14 28.79 Fetching debug 1.11.0
#14 28.80 Fetching faker 3.5.2
#14 28.93 Fetching ffi 1.17.2 (x86_64-linux-gnu)
#14 28.93 Fetching geared_pagination 1.2.0
#14 28.93 Fetching hashdiff 1.2.0
#14 28.94 Fetching mini_magick 5.3.1
#14 28.94 Fetching ruby-vips 2.2.5
#14 28.95 Fetching image_processing 1.14.0
#14 28.96 Installing bcrypt 3.1.22 with native extensions
#14 29.01 Fetching jbuilder 2.14.1
#14 29.02 Fetching jwt 3.2.0
#14 29.03 Fetching redis-client 0.25.2
#14 29.03 Fetching redis 5.4.1
#14 29.04 Fetching kredis 1.8.0
#14 29.12 Fetching language_server-protocol 3.17.0.5
#14 29.14 Fetching lexxy 0.9.24
#14 29.14 Fetching lint_roller 1.1.0
#14 29.14 Fetching ruby2_keywords 0.0.5
#14 29.15 Fetching mocha 3.1.0
#14 29.29 Fetching mono_logger 1.1.2
#14 29.29 Fetching multi_json 1.17.0
#14 29.31 Fetching mustermann 3.0.4
#14 29.31 Fetching net-http-persistent 4.0.6
#14 29.32 Fetching openssl 4.0.2
#14 29.32 Fetching ostruct 0.6.3
#14 29.33 Fetching parallel 1.27.0
#14 29.33 Fetching parser 3.3.9.0
#14 29.37 Fetching platform_agent 1.0.1
#14 29.37 Fetching prism 1.4.0
#14 29.45 Fetching puma 7.2.1
#14 29.46 Fetching rack-protection 4.2.1
#14 29.47 Fetching rails_autolink 1.1.8
#14 29.48 Fetching rainbow 3.1.1
#14 29.55 Fetching redis-namespace 1.11.0
#14 29.56 Fetching tilt 2.6.1
#14 29.59 Fetching sinatra 4.2.1
#14 29.61 Fetching resque 2.7.0
#14 29.61 Fetching resque-pool 0.7.1
#14 29.61 Fetching rqrcode_core 2.1.0
#14 29.61 Fetching rqrcode 3.2.0
#14 29.62 Fetching rubocop-ast 1.46.0
#14 29.63 Fetching ruby-progressbar 1.13.0
#14 29.64 Fetching unicode-emoji 4.2.0
#14 29.65 Installing openssl 4.0.2 with native extensions
#14 29.67 Fetching unicode-display_width 3.2.0
#14 29.69 Fetching rubocop 1.80.2
#14 29.75 Fetching rubocop-performance 1.25.0
#14 29.75 Fetching rubocop-rails 2.33.3
#14 29.75 Fetching rubocop-rails-omakase 1.1.0
#14 29.75 Fetching rubyzip 3.4.0
#14 29.76 Installing prism 1.4.0 with native extensions
#14 29.90 Fetching websocket 1.2.11
#14 29.93 Fetching selenium-webdriver 4.35.0
#14 29.93 Fetching sentry-ruby 5.26.0
#14 29.94 Fetching sentry-rails 5.26.0
#14 29.95 Fetching sqlite3 2.9.6 (x86_64-linux-gnu)
#14 29.96 Fetching stimulus-rails 1.3.4
#14 29.98 Fetching thruster 0.1.23 (x86_64-linux)
#14 30.01 Fetching web-push 3.1.0
#14 30.02 Fetching webmock 3.25.1
#14 30.03 Installing base64 0.3.0
#14 30.04 Installing concurrent-ruby 1.3.7
#14 30.04 Installing connection_pool 2.5.5
#14 30.05 Installing drb 2.2.3
#14 30.06 Installing i18n 1.14.7
#14 30.06 Installing logger 1.7.0
#14 30.08 Installing minitest 5.26.2
#14 30.09 Installing securerandom 0.4.1
#14 30.10 Installing tzinfo 2.0.6
#14 30.11 Installing uri 1.1.1
#14 30.12 Installing builder 3.3.0
#14 30.13 Installing erubi 1.13.1
#14 30.13 Installing rails-dom-testing 2.3.0
#14 30.15 Installing crass 1.0.7
#14 30.18 Installing loofah 2.25.2
#14 30.19 Installing rails-html-sanitizer 1.7.1
#14 30.20 Installing rack-session 2.1.2
#14 30.20 Installing rack 3.2.6
#14 30.21 Installing rack-test 2.2.0
#14 30.25 Installing useragent 0.16.11
#14 30.34 Installing prettyprint 0.2.0
#14 30.39 Installing pp 0.6.3
#14 30.44 Installing tsort 0.2.0
#14 30.46 Installing reline 0.6.3
#14 30.46 Installing irb 1.15.3
#14 30.47 Installing rackup 2.2.1
#14 30.47 Installing thor 1.4.0
#14 30.49 Installing zeitwerk 2.7.3
#14 30.49 Installing rdoc 6.16.1
#14 30.49 Installing action_text-trix 2.1.19
#14 30.49 Installing websocket-extensions 0.1.5
#14 30.50 Installing globalid 1.3.0
#14 30.50 Installing timeout 0.6.1
#14 30.51 Installing marcel 1.1.0
#14 30.51 Installing mini_mime 1.1.5
#14 30.57 Installing net-protocol 0.2.2
#14 30.59 Installing net-imap 0.6.4.1
#14 30.59 Installing net-pop 0.1.2
#14 30.59 Installing net-smtp 0.5.1
#14 30.63 Installing public_suffix 6.0.2
#14 30.65 Installing addressable 2.9.0
#14 30.66 Installing ast 2.4.3
#14 30.67 Installing benchmark 0.5.0
#14 30.70 Installing mail 2.9.1
#14 30.72 Installing bundler-audit 0.9.3
#14 30.76 Installing matrix 0.4.3
#14 30.77 Installing regexp_parser 2.11.2
#14 30.77 Installing xpath 3.2.0
#14 30.78 Installing nokogiri 1.19.4 (x86_64-linux-gnu)
#14 30.80 Installing chunky_png 1.4.0
#14 30.81 Installing crack 1.0.0
#14 30.82 Installing hashdiff 1.2.0
#14 30.82 Installing rexml 3.4.4
#14 30.84 Installing brakeman 8.0.6
#14 30.84 Installing capybara 3.40.0
#14 30.85 Installing geared_pagination 1.2.0
#14 30.85 Installing mini_magick 5.3.1
#14 30.93 Installing ffi 1.17.2 (x86_64-linux-gnu)
#14 31.03 Installing ruby-vips 2.2.5
#14 31.04 Installing image_processing 1.14.0
#14 31.09 Installing jbuilder 2.14.1
#14 31.09 Installing faker 3.5.2
#14 31.10 Installing jwt 3.2.0
#14 31.11 Installing redis-client 0.25.2
#14 31.17 Installing redis 5.4.1
#14 31.19 Installing kredis 1.8.0
#14 31.20 Installing language_server-protocol 3.17.0.5
#14 31.21 Installing lint_roller 1.1.0
#14 31.23 Installing ruby2_keywords 0.0.5
#14 31.26 Installing mono_logger 1.1.2
#14 31.27 Installing multi_json 1.17.0
#14 31.28 Installing mocha 3.1.0
#14 31.28 Installing mustermann 3.0.4
#14 31.31 Installing net-http-persistent 4.0.6
#14 31.32 Installing ostruct 0.6.3
#14 31.32 Installing parallel 1.27.0
#14 31.33 Installing platform_agent 1.0.1
#14 31.34 Installing rack-protection 4.2.1
#14 31.35 Installing puma 7.2.1 with native extensions
#14 31.36 Installing rails_autolink 1.1.8
#14 31.37 Installing rainbow 3.1.1
#14 31.39 Installing parser 3.3.9.0
#14 31.39 Installing redis-namespace 1.11.0
#14 31.42 Installing tilt 2.6.1
#14 31.43 Installing sinatra 4.2.1
#14 31.44 Installing resque 2.7.0
#14 31.47 Installing resque-pool 0.7.1
#14 31.51 Installing rqrcode_core 2.1.0
#14 31.59 Installing rqrcode 3.2.0
#14 31.63 Installing rubocop-ast 1.46.0
#14 31.64 Installing ruby-progressbar 1.13.0
#14 31.66 Installing unicode-emoji 4.2.0
#14 31.66 Installing unicode-display_width 3.2.0
#14 31.67 Installing rubocop-performance 1.25.0
#14 31.70 Installing rubocop-rails-omakase 1.1.0
#14 31.71 Installing rubocop-rails 2.33.3
#14 31.71 Installing rubyzip 3.4.0
#14 31.72 Installing websocket 1.2.11
#14 31.73 Installing sentry-rails 5.26.0
#14 31.73 Installing sentry-ruby 5.26.0
#14 31.76 Installing web-push 3.1.0
#14 31.86 Installing rubocop 1.80.2
#14 31.89 Installing stimulus-rails 1.3.4
#14 31.89 Installing webmock 3.25.1
#14 31.92 Installing websocket-driver 0.8.2 with native extensions
#14 32.00 Installing sqlite3 2.9.6 (x86_64-linux-gnu)
#14 32.78 Installing thruster 0.1.23 (x86_64-linux)
#14 32.94 Installing selenium-webdriver 4.35.0
#14 33.20 Installing psych 5.2.6 with native extensions
#14 34.29 Installing debug 1.11.0 with native extensions
#14 34.33 Installing lexxy 0.9.24 with native extensions
#14 43.27 Bundle complete! 36 Gemfile dependencies, 140 gems now installed.
#14 43.27 Gems in the group 'development' were not installed.
#14 43.27 Bundled gems are installed into `/usr/local/bundle`
#14 43.27 2 installed gems you directly depend on are looking for funding.
#14 43.27   Run `bundle fund` for details
#14 DONE 44.0s

#15 [build 4/5] COPY . .
#15 DONE 0.1s

#16 [build 5/5] RUN SECRET_KEY_BASE_DUMMY=1 ./bin/rails assets:precompile
#16 1.190 I, [2026-10-05T19:15:53.006998 #7]  INFO -- : Writing add-f232d8a6.svg
#16 1.190 I, [2026-10-05T19:15:53.007298 #7]  INFO -- : Writing alert-b937985b.svg
#16 1.190 I, [2026-10-05T19:15:53.007378 #7]  INFO -- : Writing arrow-down-3f174d76.svg
#16 1.190 I, [2026-10-05T19:15:53.007435 #7]  INFO -- : Writing arrow-left-abe40556.svg
#16 1.190 I, [2026-10-05T19:15:53.007500 #7]  INFO -- : Writing arrow-right-8f3eb40d.svg
#16 1.190 I, [2026-10-05T19:15:53.007797 #7]  INFO -- : Writing arrow-up-f96b3895.svg
#16 1.190 I, [2026-10-05T19:15:53.008037 #7]  INFO -- : Writing art-ed709d32.svg
#16 1.190 I, [2026-10-05T19:15:53.008111 #7]  INFO -- : Writing attachment-8bcccab0.svg
#16 1.190 I, [2026-10-05T19:15:53.008170 #7]  INFO -- : Writing bio-567a6005.svg
#16 1.190 I, [2026-10-05T19:15:53.008250 #7]  INFO -- : Writing boost-4a7bab66.svg
#16 1.190 I, [2026-10-05T19:15:53.008646 #7]  INFO -- : Writing bot-8a69692e.svg
#16 1.190 I, [2026-10-05T19:15:53.008705 #7]  INFO -- : Writing broom-13d30a95.svg
#16 1.190 I, [2026-10-05T19:15:53.008761 #7]  INFO -- : Writing browsers/android-196a24ef.svg
#16 1.190 I, [2026-10-05T19:15:53.008960 #7]  INFO -- : Writing browsers/chrome-196a24ef.svg
#16 1.190 I, [2026-10-05T19:15:53.009111 #7]  INFO -- : Writing browsers/edge-352f198a.svg
#16 1.190 I, [2026-10-05T19:15:53.009400 #7]  INFO -- : Writing browsers/firefox-57046321.svg
#16 1.190 I, [2026-10-05T19:15:53.009591 #7]  INFO -- : Writing browsers/opera-0f156483.svg
#16 1.190 I, [2026-10-05T19:15:53.009657 #7]  INFO -- : Writing browsers/safari-0b7b9bbc.svg
#16 1.190 I, [2026-10-05T19:15:53.009714 #7]  INFO -- : Writing camera-927323b8.svg
#16 1.190 I, [2026-10-05T19:15:53.009776 #7]  INFO -- : Writing campfire-icon-3d9986c5.png
#16 1.190 I, [2026-10-05T19:15:53.009832 #7]  INFO -- : Writing cancel-c6dfeb78.svg
#16 1.190 I, [2026-10-05T19:15:53.009895 #7]  INFO -- : Writing check-7897ff7e.svg
#16 1.190 I, [2026-10-05T19:15:53.009981 #7]  INFO -- : Writing common-file-text-9043d980.svg
#16 1.190 I, [2026-10-05T19:15:53.010055 #7]  INFO -- : Writing copy-paste-4c379063.svg
#16 1.190 I, [2026-10-05T19:15:53.010109 #7]  INFO -- : Writing crown-00d190cb.svg
#16 1.190 I, [2026-10-05T19:15:53.010159 #7]  INFO -- : Writing default-avatar-1ee67b00.svg
#16 1.190 I, [2026-10-05T19:15:53.010321 #7]  INFO -- : Writing default-bot-avatar-de1d12f7.svg
#16 1.190 I, [2026-10-05T19:15:53.010375 #7]  INFO -- : Writing disclosure-26d63471.svg
#16 1.190 I, [2026-10-05T19:15:53.011142 #7]  INFO -- : Writing download-04029899.svg
#16 1.190 I, [2026-10-05T19:15:53.012435 #7]  INFO -- : Writing email-6c595bc5.svg
#16 1.190 I, [2026-10-05T19:15:53.015148 #7]  INFO -- : Writing everyone-4ca1d460.svg
#16 1.190 I, [2026-10-05T19:15:53.015241 #7]  INFO -- : Writing external/gear-50e77d2b.svg
#16 1.190 I, [2026-10-05T19:15:53.015565 #7]  INFO -- : Writing external/install-edge-0b7cd918.svg
#16 1.190 I, [2026-10-05T19:15:53.015631 #7]  INFO -- : Writing external/install-f762b3be.svg
#16 1.190 I, [2026-10-05T19:15:53.015680 #7]  INFO -- : Writing external/share-f9d3e998.svg
#16 1.190 I, [2026-10-05T19:15:53.015738 #7]  INFO -- : Writing external/sliders-3979a007.svg
#16 1.190 I, [2026-10-05T19:15:53.015804 #7]  INFO -- : Writing external/switch-eec22a2d.svg
#16 1.190 I, [2026-10-05T19:15:53.015855 #7]  INFO -- : Writing external/web-24ffe636.svg
#16 1.190 I, [2026-10-05T19:15:53.015903 #7]  INFO -- : Writing globe-8c54d23b.svg
#16 1.190 I, [2026-10-05T19:15:53.015952 #7]  INFO -- : Writing help-circle-1bb1a839.svg
#16 1.190 I, [2026-10-05T19:15:53.016015 #7]  INFO -- : Writing help-a18b47fc.svg
#16 1.190 I, [2026-10-05T19:15:53.016063 #7]  INFO -- : Writing key-82330955.svg
#16 1.190 I, [2026-10-05T19:15:53.016115 #7]  INFO -- : Writing lanyard-945079e9.svg
#16 1.190 I, [2026-10-05T19:15:53.016167 #7]  INFO -- : Writing laptop-cf35e6d4.svg
#16 1.190 I, [2026-10-05T19:15:53.016220 #7]  INFO -- : Writing lifebuoy-f31f26aa.svg
#16 1.190 I, [2026-10-05T19:15:53.016266 #7]  INFO -- : Writing link-e546a5df.svg
#16 1.190 I, [2026-10-05T19:15:53.016308 #7]  INFO -- : Writing lock-7cdf4b3d.svg
#16 1.190 I, [2026-10-05T19:15:53.016356 #7]  INFO -- : Writing login-keys-df926967.svg
#16 1.190 I, [2026-10-05T19:15:53.016402 #7]  INFO -- : Writing logos/app-icon-192-646b105a.png
#16 1.190 I, [2026-10-05T19:15:53.016470 #7]  INFO -- : Writing logos/app-icon-a6fa894e.png
#16 1.190 I, [2026-10-05T19:15:53.016517 #7]  INFO -- : Writing logout-a6131db1.svg
#16 1.190 I, [2026-10-05T19:15:53.016564 #7]  INFO -- : Writing menu-dots-horizontal-f6a5d793.svg
#16 1.190 I, [2026-10-05T19:15:53.016606 #7]  INFO -- : Writing menu-dots-vertical-c247e3cc.svg
#16 1.190 I, [2026-10-05T19:15:53.016651 #7]  INFO -- : Writing menu-5462dfd3.svg
#16 1.190 I, [2026-10-05T19:15:53.016693 #7]  INFO -- : Writing messages-add-d229e6c2.svg
#16 1.190 I, [2026-10-05T19:15:53.016752 #7]  INFO -- : Writing messages-empty-84c8fd41.svg
#16 1.190 I, [2026-10-05T19:15:53.016796 #7]  INFO -- : Writing messages-outlined-87ff0331.svg
#16 1.190 I, [2026-10-05T19:15:53.016854 #7]  INFO -- : Writing messages-9395d503.svg
#16 1.190 I, [2026-10-05T19:15:53.016896 #7]  INFO -- : Writing minus-b31a1093.svg
#16 1.190 I, [2026-10-05T19:15:53.016940 #7]  INFO -- : Writing mobile-phone-d0d2301d.svg
#16 1.190 I, [2026-10-05T19:15:53.016994 #7]  INFO -- : Writing notification-bell-alert-b467cde7.svg
#16 1.190 I, [2026-10-05T19:15:53.017050 #7]  INFO -- : Writing notification-bell-everything-cde41b14.svg
#16 1.190 I, [2026-10-05T19:15:53.017107 #7]  INFO -- : Writing notification-bell-invisible-8b495073.svg
#16 1.190 I, [2026-10-05T19:15:53.017153 #7]  INFO -- : Writing notification-bell-loading-7533ce55.svg
#16 1.190 I, [2026-10-05T19:15:53.017202 #7]  INFO -- : Writing notification-bell-mentions-945d1b91.svg
#16 1.190 I, [2026-10-05T19:15:53.017248 #7]  INFO -- : Writing notification-bell-nothing-d8096c76.svg
#16 1.190 I, [2026-10-05T19:15:53.017296 #7]  INFO -- : Writing office-69ba5668.svg
#16 1.190 I, [2026-10-05T19:15:53.017338 #7]  INFO -- : Writing password-0896da4e.svg
#16 1.190 I, [2026-10-05T19:15:53.017381 #7]  INFO -- : Writing pencil-cf9d28aa.svg
#16 1.190 I, [2026-10-05T19:15:53.017432 #7]  INFO -- : Writing person-add-1432b76b.svg
#16 1.190 I, [2026-10-05T19:15:53.017474 #7]  INFO -- : Writing person-da193438.svg
#16 1.190 I, [2026-10-05T19:15:53.017520 #7]  INFO -- : Writing qr-code-dac3b273.svg
#16 1.190 I, [2026-10-05T19:15:53.017563 #7]  INFO -- : Writing refresh-249f0509.svg
#16 1.190 I, [2026-10-05T19:15:53.017608 #7]  INFO -- : Writing remove-circle-384c618c.svg
#16 1.190 I, [2026-10-05T19:15:53.017657 #7]  INFO -- : Writing remove-0e7a045d.svg
#16 1.190 I, [2026-10-05T19:15:53.017706 #7]  INFO -- : Writing reply-edb77e33.svg
#16 1.190 I, [2026-10-05T19:15:53.017758 #7]  INFO -- : Writing screenshots/android-chat-f8b923c9.png
#16 1.190 I, [2026-10-05T19:15:53.017830 #7]  INFO -- : Writing screenshots/android-dark-mode-e43dcf59.png
#16 1.190 I, [2026-10-05T19:15:53.017881 #7]  INFO -- : Writing screenshots/android-sidebar-e9d2b49f.png
#16 1.190 I, [2026-10-05T19:15:53.017932 #7]  INFO -- : Writing search-5f29565f.svg
#16 1.190 I, [2026-10-05T19:15:53.017986 #7]  INFO -- : Writing settings-aee56972.svg
#16 1.190 I, [2026-10-05T19:15:53.018035 #7]  INFO -- : Writing share-bf28da4f.svg
#16 1.190 I, [2026-10-05T19:15:53.018083 #7]  INFO -- : Writing sounds/56k-22d60d09.gif
#16 1.190 I, [2026-10-05T19:15:53.018148 #7]  INFO -- : Writing sounds/56k-1567db5b.webp
#16 1.190 I, [2026-10-05T19:15:53.018193 #7]  INFO -- : Writing sounds/clowntown-fa123df7.gif
#16 1.190 I, [2026-10-05T19:15:53.018248 #7]  INFO -- : Writing sounds/clowntown-1670db9e.webp
#16 1.190 I, [2026-10-05T19:15:53.018296 #7]  INFO -- : Writing sounds/curb-0c6f596b.gif
#16 1.190 I, [2026-10-05T19:15:53.018342 #7]  INFO -- : Writing sounds/curb-b74cab9f.webp
#16 1.190 I, [2026-10-05T19:15:53.018386 #7]  INFO -- : Writing sounds/dangerzone-60067535.png
#16 1.190 I, [2026-10-05T19:15:53.018429 #7]  INFO -- : Writing sounds/dangerzone-0e0f0d09.webp
#16 1.190 I, [2026-10-05T19:15:53.018471 #7]  INFO -- : Writing sounds/donotwant-c19843b2.gif
#16 1.190 I, [2026-10-05T19:15:53.018513 #7]  INFO -- : Writing sounds/donotwant-d29fb6fb.webp
#16 1.190 I, [2026-10-05T19:15:53.018554 #7]  INFO -- : Writing sounds/drama-b398c916.webp
#16 1.190 I, [2026-10-05T19:15:53.018606 #7]  INFO -- : Writing sounds/greatjob-d65f324c.png
#16 1.190 I, [2026-10-05T19:15:53.018647 #7]  INFO -- : Writing sounds/greatjob-99af483c.webp
#16 1.190 I, [2026-10-05T19:15:53.018689 #7]  INFO -- : Writing sounds/loggins-a40a75e6.webp
#16 1.190 I, [2026-10-05T19:15:53.018734 #7]  INFO -- : Writing sounds/nyan-995f5ada.gif
#16 1.190 I, [2026-10-05T19:15:53.018777 #7]  INFO -- : Writing sounds/nyan-8cc577e4.webp
#16 1.190 I, [2026-10-05T19:15:53.018822 #7]  INFO -- : Writing sounds/pushit-599fd1e2.gif
#16 1.190 I, [2026-10-05T19:15:53.018868 #7]  INFO -- : Writing sounds/pushit-05915cda.webp
#16 1.190 I, [2026-10-05T19:15:53.018912 #7]  INFO -- : Writing sounds/rumble-5ddb8536.gif
#16 1.190 I, [2026-10-05T19:15:53.018955 #7]  INFO -- : Writing sounds/rumble-c4fc52a9.webp
#16 1.190 I, [2026-10-05T19:15:53.019015 #7]  INFO -- : Writing sounds/top-15f70a0c.gif
#16 1.198 I, [2026-10-05T19:15:53.019069 #7]  INFO -- : Writing sounds/top-cc086a68.webp
#16 1.198 I, [2026-10-05T19:15:53.019116 #7]  INFO -- : Writing sounds/what-5ff77085.gif
#16 1.198 I, [2026-10-05T19:15:53.019158 #7]  INFO -- : Writing sounds/what-02690db4.webp
#16 1.198 I, [2026-10-05T19:15:53.019203 #7]  INFO -- : Writing sounds/yay-6d9d9620.png
#16 1.198 I, [2026-10-05T19:15:53.019243 #7]  INFO -- : Writing sounds/yay-914d17c4.webp
#16 1.198 I, [2026-10-05T19:15:53.019292 #7]  INFO -- : Writing sounds/yeah-7b10b5f7.gif
#16 1.198 I, [2026-10-05T19:15:53.019333 #7]  INFO -- : Writing sounds/yeah-886795b2.webp
#16 1.198 I, [2026-10-05T19:15:53.019380 #7]  INFO -- : Writing text-options-055e0d16.svg
#16 1.198 I, [2026-10-05T19:15:53.019427 #7]  INFO -- : Writing transfer-3ec4f61b.svg
#16 1.198 I, [2026-10-05T19:15:53.019470 #7]  INFO -- : Writing trash-708c7eb2.svg
#16 1.198 I, [2026-10-05T19:15:53.019522 #7]  INFO -- : Writing web-e179f247.svg
#16 1.198 I, [2026-10-05T19:15:53.019564 #7]  INFO -- : Writing 56k-67359aa6.mp3
#16 1.198 I, [2026-10-05T19:15:53.019630 #7]  INFO -- : Writing ballmer-055893e5.mp3
#16 1.198 I, [2026-10-05T19:15:53.019674 #7]  INFO -- : Writing bell-4dd04376.mp3
#16 1.198 I, [2026-10-05T19:15:53.019719 #7]  INFO -- : Writing bezos-ed56ef09.mp3
#16 1.198 I, [2026-10-05T19:15:53.019763 #7]  INFO -- : Writing bueller-edbffb89.mp3
#16 1.198 I, [2026-10-05T19:15:53.019810 #7]  INFO -- : Writing butts-6774d8a3.mp3
#16 1.198 I, [2026-10-05T19:15:53.019850 #7]  INFO -- : Writing clowntown-880ab480.mp3
#16 1.198 I, [2026-10-05T19:15:53.019896 #7]  INFO -- : Writing cottoneyejoe-39c980e8.mp3
#16 1.198 I, [2026-10-05T19:15:53.019936 #7]  INFO -- : Writing crickets-b50f1da0.mp3
#16 1.198 I, [2026-10-05T19:15:53.019996 #7]  INFO -- : Writing curb-f9327cfc.mp3
#16 1.198 I, [2026-10-05T19:15:53.020039 #7]  INFO -- : Writing dadgummit-6c84151f.mp3
#16 1.198 I, [2026-10-05T19:15:53.020084 #7]  INFO -- : Writing dangerzone-7382b27e.mp3
#16 1.198 I, [2026-10-05T19:15:53.020124 #7]  INFO -- : Writing danielsan-0815085a.mp3
#16 1.198 I, [2026-10-05T19:15:53.020169 #7]  INFO -- : Writing deeper-c9fe70a0.mp3
#16 1.198 I, [2026-10-05T19:15:53.020211 #7]  INFO -- : Writing donotwant-fa71a459.mp3
#16 1.198 I, [2026-10-05T19:15:53.020255 #7]  INFO -- : Writing drama-92fb52d2.mp3
#16 1.198 I, [2026-10-05T19:15:53.020299 #7]  INFO -- : Writing flawless-678d1f3c.mp3
#16 1.198 I, [2026-10-05T19:15:53.020342 #7]  INFO -- : Writing glados-f033ed9e.mp3
#16 1.198 I, [2026-10-05T19:15:53.020386 #7]  INFO -- : Writing gogogo-f091ebbc.mp3
#16 1.198 I, [2026-10-05T19:15:53.020439 #7]  INFO -- : Writing greatjob-7d6aada2.mp3
#16 1.198 I, [2026-10-05T19:15:53.020479 #7]  INFO -- : Writing greyjoy-dcb0e786.mp3
#16 1.198 I, [2026-10-05T19:15:53.020522 #7]  INFO -- : Writing guarantee-8e639fbb.mp3
#16 1.198 I, [2026-10-05T19:15:53.020563 #7]  INFO -- : Writing heygirl-b9a85600.mp3
#16 1.198 I, [2026-10-05T19:15:53.020607 #7]  INFO -- : Writing honk-9c336a89.mp3
#16 1.198 I, [2026-10-05T19:15:53.020651 #7]  INFO -- : Writing horn-efb0f714.mp3
#16 1.198 I, [2026-10-05T19:15:53.020703 #7]  INFO -- : Writing horror-5181b7e4.mp3
#16 1.198 I, [2026-10-05T19:15:53.020746 #7]  INFO -- : Writing incoming-0621d199.mp3
#16 1.198 I, [2026-10-05T19:15:53.020793 #7]  INFO -- : Writing inconceivable-c8811768.mp3
#16 1.198 I, [2026-10-05T19:15:53.020834 #7]  INFO -- : Writing letitgo-bc89591d.mp3
#16 1.198 I, [2026-10-05T19:15:53.020877 #7]  INFO -- : Writing live-550f1f88.mp3
#16 1.198 I, [2026-10-05T19:15:53.020928 #7]  INFO -- : Writing loggins-63aac7af.mp3
#16 1.198 I, [2026-10-05T19:15:53.020984 #7]  INFO -- : Writing makeitso-f6e530b1.mp3
#16 1.198 I, [2026-10-05T19:15:53.021040 #7]  INFO -- : Writing mario_coin-556717d1.mp3
#16 1.198 I, [2026-10-05T19:15:53.021088 #7]  INFO -- : Writing maybe-4a638e83.mp3
#16 1.198 I, [2026-10-05T19:15:53.021129 #7]  INFO -- : Writing noooo-c68a85f4.mp3
#16 1.198 I, [2026-10-05T19:15:53.021171 #7]  INFO -- : Writing nyan-1fe5c553.mp3
#16 1.198 I, [2026-10-05T19:15:53.021218 #7]  INFO -- : Writing ohmy-189dd829.mp3
#16 1.198 I, [2026-10-05T19:15:53.021261 #7]  INFO -- : Writing ohyeah-48506f41.mp3
#16 1.198 I, [2026-10-05T19:15:53.021307 #7]  INFO -- : Writing pushit-f43f90a7.mp3
#16 1.198 I, [2026-10-05T19:15:53.021355 #7]  INFO -- : Writing rimshot-66c3332b.mp3
#16 1.198 I, [2026-10-05T19:15:53.021401 #7]  INFO -- : Writing rollout-3a826ae4.mp3
#16 1.198 I, [2026-10-05T19:15:53.021441 #7]  INFO -- : Writing rumble-7b5d6e4f.mp3
#16 1.198 I, [2026-10-05T19:15:53.021488 #7]  INFO -- : Writing sax-9e7841a8.mp3
#16 1.198 I, [2026-10-05T19:15:53.021529 #7]  INFO -- : Writing secret-9f61e3b5.mp3
#16 1.198 I, [2026-10-05T19:15:53.021579 #7]  INFO -- : Writing sexyback-ec0cf66f.mp3
#16 1.198 I, [2026-10-05T19:15:53.021620 #7]  INFO -- : Writing story-0665aaac.mp3
#16 1.198 I, [2026-10-05T19:15:53.021666 #7]  INFO -- : Writing tada-6500487f.mp3
#16 1.198 I, [2026-10-05T19:15:53.021708 #7]  INFO -- : Writing tmyk-035cbb8b.mp3
#16 1.198 I, [2026-10-05T19:15:53.021752 #7]  INFO -- : Writing totes-665011c8.mp3
#16 1.198 I, [2026-10-05T19:15:53.021793 #7]  INFO -- : Writing trololo-d7f880d7.mp3
#16 1.198 I, [2026-10-05T19:15:53.021838 #7]  INFO -- : Writing trombone-3cbeabc3.mp3
#16 1.198 I, [2026-10-05T19:15:53.021881 #7]  INFO -- : Writing unix-bb19b65d.mp3
#16 1.198 I, [2026-10-05T19:15:53.021927 #7]  INFO -- : Writing vuvuzela-d177cb0f.mp3
#16 1.198 I, [2026-10-05T19:15:53.021983 #7]  INFO -- : Writing what-880c5f29.mp3
#16 1.198 I, [2026-10-05T19:15:53.022028 #7]  INFO -- : Writing whoomp-f21c3c43.mp3
#16 1.198 I, [2026-10-05T19:15:53.022073 #7]  INFO -- : Writing wups-fbad935c.mp3
#16 1.198 I, [2026-10-05T19:15:53.022112 #7]  INFO -- : Writing yay-1fae7a37.mp3
#16 1.198 I, [2026-10-05T19:15:53.022157 #7]  INFO -- : Writing yeah-71e3371e.mp3
#16 1.198 I, [2026-10-05T19:15:53.022202 #7]  INFO -- : Writing yodel-b14597bb.mp3
#16 1.198 I, [2026-10-05T19:15:53.022254 #7]  INFO -- : Writing _reset-9c3efd7b.css
#16 1.198 I, [2026-10-05T19:15:53.022602 #7]  INFO -- : Writing actiontext-7b8d51ea.css
#16 1.198 I, [2026-10-05T19:15:53.023690 #7]  INFO -- : Writing animation-bcdb4bab.css
#16 1.198 I, [2026-10-05T19:15:53.023764 #7]  INFO -- : Writing autocomplete-9de8c93f.css
#16 1.198 I, [2026-10-05T19:15:53.023823 #7]  INFO -- : Writing avatars-279376ab.css
#16 1.198 I, [2026-10-05T19:15:53.023908 #7]  INFO -- : Writing base-637a0ec8.css
#16 1.198 I, [2026-10-05T19:15:53.023972 #7]  INFO -- : Writing boosts-da4032a8.css
#16 1.198 I, [2026-10-05T19:15:53.024028 #7]  INFO -- : Writing buttons-c7d39fd4.css
#16 1.198 I, [2026-10-05T19:15:53.024076 #7]  INFO -- : Writing code-333ae548.css
#16 1.198 I, [2026-10-05T19:15:53.024117 #7]  INFO -- : Writing colorize-eb391ca0.css
#16 1.198 I, [2026-10-05T19:15:53.024156 #7]  INFO -- : Writing colors-aee62523.css
#16 1.198 I, [2026-10-05T19:15:53.024198 #7]  INFO -- : Writing composer-e490638a.css
#16 1.198 I, [2026-10-05T19:15:53.024285 #7]  INFO -- : Writing embeds-c20d0a3a.css
#16 1.198 I, [2026-10-05T19:15:53.024343 #7]  INFO -- : Writing filters-8a4d63ed.css
#16 1.198 I, [2026-10-05T19:15:53.024386 #7]  INFO -- : Writing flash-a561c1e5.css
#16 1.198 I, [2026-10-05T19:15:53.024648 #7]  INFO -- : Writing inputs-9e58a07c.css
#16 1.198 I, [2026-10-05T19:15:53.024811 #7]  INFO -- : Writing layout-ff6ddfc6.css
#16 1.198 I, [2026-10-05T19:15:53.024876 #7]  INFO -- : Writing lightbox-af496d39.css
#16 1.198 I, [2026-10-05T19:15:53.024931 #7]  INFO -- : Writing messages-c5485fef.css
#16 1.198 I, [2026-10-05T19:15:53.025022 #7]  INFO -- : Writing nav-05e7183a.css
#16 1.198 I, [2026-10-05T19:15:53.025073 #7]  INFO -- : Writing panels-af44ec6d.css
#16 1.198 I, [2026-10-05T19:15:53.025115 #7]  INFO -- : Writing separators-172b3ab8.css
#16 1.198 I, [2026-10-05T19:15:53.025161 #7]  INFO -- : Writing sidebar-0be58db9.css
#16 1.198 I, [2026-10-05T19:15:53.025230 #7]  INFO -- : Writing signup-6e02d591.css
#16 1.198 I, [2026-10-05T19:15:53.025272 #7]  INFO -- : Writing spinner-5a118f25.css
#16 1.198 I, [2026-10-05T19:15:53.025314 #7]  INFO -- : Writing utilities-e2f32466.css
#16 1.198 I, [2026-10-05T19:15:53.025937 #7]  INFO -- : Writing application-a54c74a7.js
#16 1.198 I, [2026-10-05T19:15:53.026143 #7]  INFO -- : Writing controllers/application-f004202c.js
#16 1.198 I, [2026-10-05T19:15:53.026224 #7]  INFO -- : Writing controllers/auto_submit_controller-ee52d396.js
#16 1.198 I, [2026-10-05T19:15:53.026276 #7]  INFO -- : Writing controllers/autocomplete_controller-eaf5b07d.js
#16 1.198 I, [2026-10-05T19:15:53.026388 #7]  INFO -- : Writing controllers/badge_dot_controller-e0d733c8.js
#16 1.198 I, [2026-10-05T19:15:53.026444 #7]  INFO -- : Writing controllers/boost_delete_controller-29fd1686.js
#16 1.198 I, [2026-10-05T19:15:53.026489 #7]  INFO -- : Writing controllers/composer_controller-73c33f9f.js
#16 1.198 I, [2026-10-05T19:15:53.026538 #7]  INFO -- : Writing controllers/copy_to_clipboard_controller-07e32f4d.js
#16 1.198 I, [2026-10-05T19:15:53.026588 #7]  INFO -- : Writing controllers/drop_target_controller-3a205782.js
#16 1.198 I, [2026-10-05T19:15:53.026629 #7]  INFO -- : Writing controllers/element_removal_controller-4526910a.js
#16 1.198 I, [2026-10-05T19:15:53.026672 #7]  INFO -- : Writing controllers/filter_controller-ca9769d5.js
#16 1.213 I, [2026-10-05T19:15:53.026726 #7]  INFO -- : Writing controllers/form_controller-6f3d64db.js
#16 1.213 I, [2026-10-05T19:15:53.026772 #7]  INFO -- : Writing controllers/index-594ba2fb.js
#16 1.213 I, [2026-10-05T19:15:53.026817 #7]  INFO -- : Writing controllers/lightbox_controller-98fc07ca.js
#16 1.213 I, [2026-10-05T19:15:53.026865 #7]  INFO -- : Writing controllers/local_time_controller-7daf3d0c.js
#16 1.213 I, [2026-10-05T19:15:53.026909 #7]  INFO -- : Writing controllers/maintain_scroll_controller-1debbbfb.js
#16 1.213 I, [2026-10-05T19:15:53.026979 #7]  INFO -- : Writing controllers/messages_controller-3d90944a.js
#16 1.213 I, [2026-10-05T19:15:53.027059 #7]  INFO -- : Writing controllers/notifications_controller-746d0662.js
#16 1.213 I, [2026-10-05T19:15:53.027111 #7]  INFO -- : Writing controllers/popup_controller-9f8ea824.js
#16 1.213 I, [2026-10-05T19:15:53.027153 #7]  INFO -- : Writing controllers/presence_controller-28f14aad.js
#16 1.213 I, [2026-10-05T19:15:53.027198 #7]  INFO -- : Writing controllers/pwa_install_controller-3fe3fc5e.js
#16 1.213 I, [2026-10-05T19:15:53.027241 #7]  INFO -- : Writing controllers/read_rooms_controller-8245522a.js
#16 1.213 I, [2026-10-05T19:15:53.027300 #7]  INFO -- : Writing controllers/refresh_room_controller-4e4b6014.js
#16 1.213 I, [2026-10-05T19:15:53.027357 #7]  INFO -- : Writing controllers/reply_controller-278bb9cc.js
#16 1.213 I, [2026-10-05T19:15:53.027410 #7]  INFO -- : Writing controllers/rooms_list_controller-64840fcd.js
#16 1.213 I, [2026-10-05T19:15:53.027473 #7]  INFO -- : Writing controllers/scroll_into_view_controller-8a0bc733.js
#16 1.213 I, [2026-10-05T19:15:53.027522 #7]  INFO -- : Writing controllers/search_results_controller-aab46974.js
#16 1.213 I, [2026-10-05T19:15:53.027569 #7]  INFO -- : Writing controllers/sessions_controller-a9fdfe3d.js
#16 1.213 I, [2026-10-05T19:15:53.027613 #7]  INFO -- : Writing controllers/soft_keyboard_controller-be1da837.js
#16 1.213 I, [2026-10-05T19:15:53.027654 #7]  INFO -- : Writing controllers/sorted_list_controller-9f9ae485.js
#16 1.213 I, [2026-10-05T19:15:53.027697 #7]  INFO -- : Writing controllers/sound_controller-d3e5656e.js
#16 1.213 I, [2026-10-05T19:15:53.027748 #7]  INFO -- : Writing controllers/toggle_class_controller-b67fa681.js
#16 1.213 I, [2026-10-05T19:15:53.027791 #7]  INFO -- : Writing controllers/turbo_frame_controller-9f4f722f.js
#16 1.213 I, [2026-10-05T19:15:53.027835 #7]  INFO -- : Writing controllers/turbo_streaming_controller-04b85a80.js
#16 1.213 I, [2026-10-05T19:15:53.027883 #7]  INFO -- : Writing controllers/typing_notifications_controller-86906ab9.js
#16 1.213 I, [2026-10-05T19:15:53.027937 #7]  INFO -- : Writing controllers/unfurl_controller-4a868f9a.js
#16 1.213 I, [2026-10-05T19:15:53.028102 #7]  INFO -- : Writing controllers/upload_preview_controller-9b8b26bb.js
#16 1.213 I, [2026-10-05T19:15:53.028156 #7]  INFO -- : Writing controllers/web_share_controller-f7236b6f.js
#16 1.213 I, [2026-10-05T19:15:53.028200 #7]  INFO -- : Writing helpers/dom_helpers-0f234176.js
#16 1.213 I, [2026-10-05T19:15:53.028264 #7]  INFO -- : Writing helpers/navigator_helpers-3c9f4c31.js
#16 1.213 I, [2026-10-05T19:15:53.028309 #7]  INFO -- : Writing helpers/string_helpers-40941ba8.js
#16 1.213 I, [2026-10-05T19:15:53.028418 #7]  INFO -- : Writing helpers/timing_helpers-94d95529.js
#16 1.213 I, [2026-10-05T19:15:53.028473 #7]  INFO -- : Writing helpers/turbo_helpers-a3c01462.js
#16 1.213 I, [2026-10-05T19:15:53.028515 #7]  INFO -- : Writing initializers/autocomplete-ba9abe45.js
#16 1.213 I, [2026-10-05T19:15:53.028573 #7]  INFO -- : Writing initializers/current-3a3b90da.js
#16 1.213 I, [2026-10-05T19:15:53.028632 #7]  INFO -- : Writing initializers/highlight-5bd558f1.js
#16 1.213 I, [2026-10-05T19:15:53.028689 #7]  INFO -- : Writing initializers/index-d2bbfae4.js
#16 1.213 I, [2026-10-05T19:15:53.028736 #7]  INFO -- : Writing initializers/rich_text-f451a05e.js
#16 1.213 I, [2026-10-05T19:15:53.028789 #7]  INFO -- : Writing lib/autocomplete/autocomplete_handler-becd1e1a.js
#16 1.213 I, [2026-10-05T19:15:53.028873 #7]  INFO -- : Writing lib/autocomplete/base_autocomplete_handler-e29a896e.js
#16 1.213 I, [2026-10-05T19:15:53.028923 #7]  INFO -- : Writing lib/autocomplete/collection-3e251a0e.js
#16 1.213 I, [2026-10-05T19:15:53.028989 #7]  INFO -- : Writing lib/autocomplete/constants-17c2858b.js
#16 1.213 I, [2026-10-05T19:15:53.029062 #7]  INFO -- : Writing lib/autocomplete/custom_elements/suggestion_option-ac7846b3.js
#16 1.213 I, [2026-10-05T19:15:53.029129 #7]  INFO -- : Writing lib/autocomplete/custom_elements/suggestion_select-f0045305.js
#16 1.213 I, [2026-10-05T19:15:53.029190 #7]  INFO -- : Writing lib/autocomplete/helpers-651308b9.js
#16 1.213 I, [2026-10-05T19:15:53.029237 #7]  INFO -- : Writing lib/autocomplete/renderer-5caf6120.js
#16 1.213 I, [2026-10-05T19:15:53.029295 #7]  INFO -- : Writing lib/autocomplete/selection-862705bf.js
#16 1.213 I, [2026-10-05T19:15:53.029350 #7]  INFO -- : Writing lib/autocomplete/suggestion_context-b265ffb4.js
#16 1.213 I, [2026-10-05T19:15:53.029398 #7]  INFO -- : Writing lib/autocomplete/suggestion_controller-10624c40.js
#16 1.213 I, [2026-10-05T19:15:53.029457 #7]  INFO -- : Writing lib/autocomplete/suggestion_results_controller-91405749.js
#16 1.213 I, [2026-10-05T19:15:53.029521 #7]  INFO -- : Writing lib/autocomplete/utils-296fb278.js
#16 1.213 I, [2026-10-05T19:15:53.029571 #7]  INFO -- : Writing lib/cookie-76006835.js
#16 1.213 I, [2026-10-05T19:15:53.029618 #7]  INFO -- : Writing lib/rich_text/campfire_extension-f62f017b.js
#16 1.213 I, [2026-10-05T19:15:53.029682 #7]  INFO -- : Writing lib/rich_text/cite_node-b4d2b89a.js
#16 1.213 I, [2026-10-05T19:15:53.029733 #7]  INFO -- : Writing models/client_message-de3c07cf.js
#16 1.213 I, [2026-10-05T19:15:53.029818 #7]  INFO -- : Writing models/file_uploader-d3a5c44b.js
#16 1.213 I, [2026-10-05T19:15:53.029869 #7]  INFO -- : Writing models/message_formatter-f39a0c5d.js
#16 1.213 I, [2026-10-05T19:15:53.029921 #7]  INFO -- : Writing models/message_paginator-b79013e3.js
#16 1.213 I, [2026-10-05T19:15:53.030652 #7]  INFO -- : Writing models/scroll_manager-ed559629.js
#16 1.213 I, [2026-10-05T19:15:53.031151 #7]  INFO -- : Writing models/typing_tracker-42a444a5.js
#16 1.213 I, [2026-10-05T19:15:53.031206 #7]  INFO -- : Writing @rails--request-3fc8489d.js
#16 1.213 I, [2026-10-05T19:15:53.031263 #7]  INFO -- : Writing highlight.js/core-4e141f64.js
#16 1.213 I, [2026-10-05T19:15:53.031845 #7]  INFO -- : Writing languages/bash-13136668.js
#16 1.213 I, [2026-10-05T19:15:53.031911 #7]  INFO -- : Writing languages/css-a7f2e40b.js
#16 1.213 I, [2026-10-05T19:15:53.032474 #7]  INFO -- : Writing languages/diff-94a335fe.js
#16 1.213 I, [2026-10-05T19:15:53.032521 #7]  INFO -- : Writing languages/go-10465864.js
#16 1.213 I, [2026-10-05T19:15:53.033103 #7]  INFO -- : Writing languages/java-95f3a30f.js
#16 1.213 I, [2026-10-05T19:15:53.033471 #7]  INFO -- : Writing languages/javascript-18eb0dd8.js
#16 1.213 I, [2026-10-05T19:15:53.033547 #7]  INFO -- : Writing languages/json-60184e1b.js
#16 1.213 I, [2026-10-05T19:15:53.034291 #7]  INFO -- : Writing languages/python-8f48fd1a.js
#16 1.213 I, [2026-10-05T19:15:53.034359 #7]  INFO -- : Writing languages/ruby-287ccd0f.js
#16 1.213 I, [2026-10-05T19:15:53.034416 #7]  INFO -- : Writing languages/rust-d48f93d8.js
#16 1.213 I, [2026-10-05T19:15:53.034835 #7]  INFO -- : Writing languages/sql-642be05a.js
#16 1.213 I, [2026-10-05T19:15:53.034886 #7]  INFO -- : Writing languages/xml-fa7f1eda.js
#16 1.213 I, [2026-10-05T19:15:53.035286 #7]  INFO -- : Writing lexxy-a21f41d4.js
#16 1.213 I, [2026-10-05T19:15:53.036231 #7]  INFO -- : Writing lexxy.js-380cb9c9.br
#16 1.213 I, [2026-10-05T19:15:53.036923 #7]  INFO -- : Writing lexxy.js-9130cdde.gz
#16 1.213 I, [2026-10-05T19:15:53.037005 #7]  INFO -- : Writing lexxy-cf040c43.js.map
#16 1.213 I, [2026-10-05T19:15:53.037130 #7]  INFO -- : Writing lexxy.min-68f38983.js
#16 1.213 I, [2026-10-05T19:15:53.038433 #7]  INFO -- : Writing lexxy.min.js-02328003.br
#16 1.213 I, [2026-10-05T19:15:53.038497 #7]  INFO -- : Writing lexxy.min.js-56322c4c.gz
#16 1.213 I, [2026-10-05T19:15:53.038544 #7]  INFO -- : Writing lexxy-content-0ff2f961.css
#16 1.213 I, [2026-10-05T19:15:53.038932 #7]  INFO -- : Writing lexxy-editor-2d5c7ebe.css
#16 1.213 I, [2026-10-05T19:15:53.039111 #7]  INFO -- : Writing lexxy-variables-3fef4323.css
#16 1.213 I, [2026-10-05T19:15:53.039431 #7]  INFO -- : Writing lexxy-2876c58e.css
#16 1.213 I, [2026-10-05T19:15:53.039969 #7]  INFO -- : Writing stimulus-autoloader-9d447422.js
#16 1.213 I, [2026-10-05T19:15:53.040579 #7]  INFO -- : Writing stimulus-importmap-autoloader-64cc03e1.js
#16 1.213 I, [2026-10-05T19:15:53.040665 #7]  INFO -- : Writing stimulus-loading-1fc53fe7.js
#16 1.213 I, [2026-10-05T19:15:53.041212 #7]  INFO -- : Writing stimulus-d59b3b7f.js
#16 1.213 I, [2026-10-05T19:15:53.041340 #7]  INFO -- : Writing stimulus.min-4b1e420e.js
#16 1.213 I, [2026-10-05T19:15:53.041939 #7]  INFO -- : Writing stimulus.min-2395e199.js.map
#16 1.223 I, [2026-10-05T19:15:53.042030 #7]  INFO -- : Writing turbo-a1e3a50a.js
#16 1.223 I, [2026-10-05T19:15:53.042748 #7]  INFO -- : Writing turbo.min-3a2e143f.js
#16 1.223 I, [2026-10-05T19:15:53.043087 #7]  INFO -- : Writing turbo.min-5f3b7fda.js.map
#16 1.223 I, [2026-10-05T19:15:53.043176 #7]  INFO -- : Writing actiontext.esm-c376325e.js
#16 1.223 I, [2026-10-05T19:15:53.044011 #7]  INFO -- : Writing actiontext-c9c6c481.js
#16 1.223 I, [2026-10-05T19:15:53.044102 #7]  INFO -- : Writing trix-4bf79781.js
#16 1.223 I, [2026-10-05T19:15:53.044572 #7]  INFO -- : Writing trix-65afdb1d.css
#16 1.223 I, [2026-10-05T19:15:53.045653 #7]  INFO -- : Writing action_cable-5212cfee.js
#16 1.223 I, [2026-10-05T19:15:53.045797 #7]  INFO -- : Writing actioncable.esm-e0ec9819.js
#16 1.223 I, [2026-10-05T19:15:53.045864 #7]  INFO -- : Writing actioncable-ac25813f.js
#16 1.223 I, [2026-10-05T19:15:53.046445 #7]  INFO -- : Writing activestorage.esm-81bb34bc.js
#16 1.223 I, [2026-10-05T19:15:53.046518 #7]  INFO -- : Writing activestorage-f9e46063.js
#16 1.223 I, [2026-10-05T19:15:53.047113 #7]  INFO -- : Writing rails-ujs.esm-e925103b.js
#16 1.223 I, [2026-10-05T19:15:53.047195 #7]  INFO -- : Writing rails-ujs-20eaf715.js
#16 DONE 1.3s

#17 [stage-2 2/4] COPY --from=build --chown=rails:rails /usr/local/bundle /usr/local/bundle
#17 DONE 0.8s

#18 [stage-2 3/4] COPY --from=build --chown=rails:rails /rails /rails
#18 DONE 0.1s

#19 [stage-2 4/4] COPY --chmod=755 hooks /hooks
#19 DONE 0.0s

#20 exporting to image
#20 exporting layers
#20 exporting layers 11.1s done
#20 exporting manifest sha256:dee6aee76523500da15864b559b0965838a0c50c79ae86945e5748d91f7d3cf8 done
#20 exporting config sha256:c585a79c66475f4d1c96693f4b6d94021ea542ffec0ddf092e85cf97374be0b1 done
#20 exporting attestation manifest sha256:adddda478d5f96d909ec010dcf62b3258ce0df33d697b4b57b2c39d71a6f5b62 done
#20 exporting manifest list sha256:3a49887062ac56790d9143ffbd5f9252121d1a6a677c2d05e9adeddb379b6cf4 done
#20 naming to docker.io/library/campfire-reference:app done
#20 unpacking to docker.io/library/campfire-reference:app
#20 unpacking to docker.io/library/campfire-reference:app 1.9s done
#20 DONE 13.1s
BUILD_EXIT=0
2026-10-05T15:16:08-04:00
